week_end,ticker,open,high,low,close,volume,return,rolling_volatility,abnormal_volume,drawdown,google_trends
2020-01-03,AMC,72.55487636443185,75.53658430324968,71.85914770641553,72.75365447998047,676390,-0.0187667678944232,,,-0.0187667678944232,0.0
2020-01-10,AMC,72.05793014517495,72.55488138755547,63.112801722778734,64.30548858642578,2466360,-0.1161201585534011,,,-0.1327077263843889,
2020-01-17,AMC,64.6036570154436,73.94634137454935,63.80853204979637,72.3561019897461,1557750,0.1251932545773351,,,-0.024128583980674,
2020-01-24,AMC,72.15731527436176,72.75365521886913,65.59756393664523,66.98902893066406,886040,-0.0741758180926139,,,-0.0965146446171052,
2020-01-31,AMC,64.70304616870169,68.47988079633286,62.11890138755418,64.80243682861328,1022040,-0.0326410478992609,0.5451928864492784,0.5615643171609661,-0.126005353378439,
2020-02-07,AMC,64.60365591123123,70.86524949085002,63.51036808546282,65.1006088256836,1035370,0.0046012466762461,0.5442720464199386,0.7359126905645413,-0.1219838884156146,0.0
2020-02-14,AMC,65.10060980097394,71.46158367892134,64.30548481605678,70.56707000732422,811030,0.0839694325482867,0.5198845912064397,0.7532234348526201,-0.0482573737576207,
2020-02-21,AMC,70.46768486506394,77.32561610072968,69.87134491465574,74.1451187133789,1113470,0.0507042265703154,0.5756977111798601,1.3616524257385936,-0.038659858061514,
2020-02-28,AMC,70.9646354744579,72.35609956001615,50.88780544078118,62.218292236328125,2841860,-0.1608578782260237,0.6897546968366169,2.2333907080017337,-0.1932989935472434,
2020-03-06,AMC,62.71524089651666,62.8146334129209,43.70000076293945,45.29999923706055,2336510,-0.2719183119813967,0.8512996652182819,1.3754907496071933,-0.4126557694955707,1.0
2020-03-13,AMC,39.5,42.900001525878906,26.5,32.20000076293945,2536670,-0.2891831941445996,1.335981417546021,1.2311674255129836,-0.5825058501352436,
2020-03-20,AMC,26.399999618530273,36.0,19.5,31.899999618530273,3830570,-0.0093168055062428,2.0028917036532743,1.4444348682034744,-0.5863955619295277,
2020-03-27,AMC,32.29999923706055,39.79999923706055,27.100000381469727,36.0,2828860,0.1285266592632838,2.070689374690064,0.9496424744166714,-0.5332363652478621,
2020-04-03,AMC,34.5,35.0,20.0,22.700000762939453,3005690,-0.369444423251682,2.1906710783206393,1.0181152112165388,-0.7056795870837244,2.0
2020-04-10,AMC,25.0,37.29999923706055,24.0,26.0,3786790,0.1453744108435537,2.341513585441263,1.4121128862781585,-0.6628929304567893,
2020-04-17,AMC,23.399999618530273,38.5,19.5,32.0,7600070,0.2307692307692306,2.2453193967142653,1.853211122465975,-0.5850989913314331,
2020-04-24,AMC,32.20000076293945,34.400001525878906,30.200000762939453,30.5,2908670,-0.046875,2.1769106768052,0.6426042858342564,-0.604547476112772,
2020-05-01,AMC,31.899999618530273,55.29999923706055,30.600000381469727,45.70000076293945,7241310,0.4983606807521132,2.2327678453515225,1.3832695124045404,-0.4074694871031918,2.0
2020-05-08,AMC,41.099998474121094,47.79999923706055,38.099998474121094,41.0,2388860,-0.1028446539272476,1.9438369239837732,0.4429481348792053,-0.4684080826433985,
2020-05-15,AMC,64.0,64.0999984741211,40.79999923706055,45.20000076293945,14607230,0.1024390429985233,1.791099431544652,2.0180455833446307,-0.4139523153636382,
2020-05-22,AMC,48.0,49.79999923706055,45.0,45.79999923706055,2142000,0.0132743023007435,1.7869137402365391,0.3227071016826054,-0.4061729412351244,
2020-05-29,AMC,48.0,56.79999923706055,47.0,51.29999923706055,2846970,0.1200873382449645,1.4292240757959986,0.5765476589926161,-0.3348618303702144,
2020-06-05,AMC,50.29999923706055,61.5,50.0,59.099998474121094,4395810,0.152046771014874,1.365158648548541,0.7515775693118233,-0.2337297193992621,1.0
2020-06-12,AMC,62.70000076293945,73.5,50.0,58.900001525878906,4783630,-0.0033840432048364,1.2187974831513129,1.2170440713092332,-0.2363228111353971,
2020-06-19,AMC,54.20000076293945,62.5,53.0,55.20000076293945,3324120,-0.0628183474887309,1.2352843743716295,0.8844205435864521,-0.284295750154711,
2020-06-26,AMC,54.79999923706055,54.79999923706055,41.5,41.79999923706055,3206860,-0.2427536474759523,1.173607459253294,0.8215264892767096,-0.4580355673186952,
2020-07-03,AMC,39.099998474121094,46.900001525878906,37.5,45.29999923706055,2179790,0.0837320589445571,1.1968624210240442,0.702092502500231,-0.4126557694955707,1.0
2020-07-10,AMC,46.20000076293945,46.400001525878906,40.79999923706055,46.0,2127590,0.0154525557335281,0.9034957298666018,0.6573401384230604,-0.4035798000389349,
2020-07-17,AMC,47.599998474121094,48.20000076293945,41.0,42.70000076293945,1668610,-0.0717391138491422,0.7860379765127351,0.6074764997598177,-0.44636645666587,
2020-07-24,AMC,42.099998474121094,42.400001525878906,39.599998474121094,40.0,1401450,-0.0632318668547392,0.6576517312758718,0.648413227381289,-0.4813737391642912,
2020-07-31,AMC,40.099998474121094,43.400001525878906,38.099998474121094,40.400001525878906,2098050,0.0100000381469727,0.6314288120056076,1.1252156338494053,-0.4761874567719124,
2020-08-07,AMC,40.5,52.599998474121094,38.599998474121094,47.5,3766640,0.1757425298504769,0.7463248048511817,1.843339594703453,-0.3841313152575958,1.0
2020-08-14,AMC,46.5,57.70000076293945,43.5,55.400001525878906,4861590,0.1663158215974507,0.8433317455620661,1.8178298316107755,-0.2817026089585216,
2020-08-21,AMC,57.20000076293945,58.5,51.29999923706055,51.900001525878906,4062350,-0.0631768935667815,0.925208915861918,1.1843792034809932,-0.3270824067816461,
2020-08-28,AMC,53.5,71.0,49.400001525878906,63.0,6001840,0.2138727966816398,1.0351982905023571,1.3996218856631248,-0.1831636391837587,
2020-09-04,AMC,63.29999923706055,77.0999984741211,57.599998474121094,70.19999694824219,8235580,0.1142856658451141,1.150051693483833,1.4450419099681435,-0.0898109518013747,1.0
2020-09-11,AMC,67.5999984741211,69.5,56.0,57.900001525878906,2299040,-0.1752136176221197,1.121101068528715,0.498526677472847,-0.2492884676562898,
2020-09-18,AMC,58.400001525878906,58.79999923706055,54.20000076293945,56.70000076293945,1916620,-0.0207254012316923,1.1064858451758153,0.3722169292226774,-0.264847265373372,
2020-09-25,AMC,54.20000076293945,54.79999923706055,43.599998474121094,48.79999923706055,1788370,-0.1393298310331335,0.9474894208334924,0.399569174674116,-0.3672759716724462,
2020-10-02,AMC,50.400001525878906,50.400001525878906,44.20000076293945,46.5,1651170,-0.0471311326438268,0.6372635738995175,0.5804087010119663,-0.3970969717784885,1.0
2020-10-09,AMC,43.0,43.599998474121094,39.400001525878906,40.5,3768060,-0.129032258064516,0.6206251183804746,1.6996210037321418,-0.4748909109038449,
2020-10-16,AMC,40.29999923706055,40.900001525878906,26.600000381469727,30.399999618530273,7349420,-0.2493827254683883,0.97147318585283,2.423720794863558,-0.6058440467108668,
2020-10-23,AMC,33.099998474121094,38.79999923706055,28.399999618530273,29.700000762939453,8261580,-0.0230262784333764,1.2109492958051755,1.7304253350655956,-0.6149199914374753,
2020-10-30,AMC,29.200000762939453,29.299999237060547,22.799999237060547,23.600000381469727,4983930,-0.2053872129552766,1.2365912914886446,0.8679112054217176,-0.6940105011609264,
2020-11-06,AMC,23.0,26.200000762939453,21.100000381469727,24.899999618530273,5133680,0.0550847125443809,1.3210993348247193,0.8152211118448578,-0.6771551575757767,2.0
2020-11-13,AMC,42.70000076293945,43.900001525878906,27.799999237060547,29.700000762939453,23543080,0.1927711332508246,2.206281352585312,2.35972275006212,-0.6149199914374753,
2020-11-20,AMC,33.900001525878906,33.900001525878906,29.0,33.5,13287980,0.1279460989712262,2.099545546711526,1.1990980392039547,-0.565650506550094,
2020-11-27,AMC,35.099998474121094,50.0,34.099998474121094,44.5,12714390,0.3283582089552237,2.180375479881654,1.1950807163826127,-0.423028284820274,
2020-12-04,AMC,44.099998474121094,44.5,33.0,35.099998474121094,13977090,-0.2112359893455931,2.238935794125155,0.9208066104597364,-0.5449054759006874,2.0
2020-12-11,AMC,34.5,43.29999923706055,33.29999923706055,39.20000076293945,11320890,0.1168091870955849,1.266710409010723,0.8142443028624277,-0.4917462544889945,
2020-12-18,AMC,40.099998474121094,40.099998474121094,27.200000762939453,28.0,19275530,-0.2857142996162435,1.4598425970204378,1.318671073134982,-0.6369616174150039,
2020-12-25,AMC,26.100000381469727,27.5,24.799999237060547,25.100000381469727,7115720,-0.1035714149475097,1.0791746236336868,0.6265450646267455,-0.6745620163795873,
2021-01-01,AMC,26.299999237060547,26.299999237060547,20.799999237060547,21.200000762939453,11354150,-0.1553784684963384,1.0532271424828028,1.005138053033197,-0.7251280718650635,57.0
2021-01-08,AMC,22.0,22.299999237060547,19.100000381469727,21.399999618530273,19108920,0.0094339079430811,0.8437792831498515,1.3091695517296713,-0.7225349553989012,
2021-01-15,AMC,21.600000381469727,25.5,21.299999237060547,23.299999237060547,34108790,0.0887850304859381,0.5834376380033531,1.978446963710097,-0.6979002129552105,
2021-01-22,AMC,28.0,37.400001525878906,25.700000762939453,35.099998474121094,77123540,0.5064377520790511,1.3957201095704812,3.2747862594892245,-0.5449054759006874,
2021-01-29,AMC,47.099998474121094,203.6000061035156,38.5,132.60000610351562,331584800,2.777778115895943,11.0127440155001,4.22409050043211,-0.3336683110376099,
2021-02-05,AMC,170.0,172.5,60.0,68.30000305175781,147887240,-0.4849170444348346,11.251894701742492,1.082730895016599,-0.6567839042625235,68.0
2021-02-12,AMC,68.80000305175781,68.9000015258789,52.599998474121094,55.900001525878906,48626380,-0.1815519908027263,11.312047851387522,0.3168153179483163,-0.7190954697192015,
2021-02-19,AMC,60.29999923706055,62.5,53.20000076293945,57.0,27080460,0.0196779685884598,11.311922323091258,0.2292251063022166,-0.7135678391959799,
2021-02-26,AMC,59.29999923706055,110.0,57.5,80.0999984741211,139791260,0.4052631311249317,2.920169145217934,1.0974382208851452,-0.5974874448536629,
2021-03-05,AMC,88.5999984741211,94.5,75.0,80.5,41493050,0.0049937769475505,1.4036186340497174,0.5120742246066978,-0.5954773869346733,36.0
2021-03-12,AMC,85.30000305175781,124.6999969482422,83.0999984741211,111.5999984741211,72175830,0.3863353847716904,1.4013972096758924,1.0341811373917165,-0.4391959875672306,
2021-03-19,AMC,121.8000030517578,145.39999389648438,118.5,139.3000030517578,75635850,0.2482079297165944,1.6284887763425426,0.9573647072957492,-0.2999999846645336,
2021-03-26,AMC,131.5,131.89999389648438,89.30000305175781,102.4000015258789,47435990,-0.2648959132626038,1.837507387230878,0.7064270274652571,-0.4854271280106587,
2021-04-02,AMC,103.1999969482422,107.5999984741211,91.5,93.5999984741211,18365740,-0.0859375285217534,1.774123584422972,0.4146772802495332,-0.5296482488737634,17.0
2021-04-09,AMC,101.0,112.5,92.4000015258789,94.1999969482422,23161690,0.0064102402126315,1.6942086350329926,0.4505293333704035,-0.5266331811646121,
2021-04-16,AMC,94.4000015258789,102.3000030517578,83.0999984741211,93.3000030517578,23238080,-0.0095540756437481,1.396237913081699,0.6495734096826367,-0.531155763559006,
2021-04-23,AMC,94.8000030517578,106.5,90.0999984741211,101.5999984741211,16081050,0.088960291006195,0.8741283437304661,0.6275925633010979,-0.4894472438486377,
2021-04-30,AMC,106.9000015258789,122.1999969482422,98.8000030517578,100.3000030517578,23546710,-0.0127952307272368,0.9633006522807314,1.054714662024338,-0.495979884162021,
2021-05-07,AMC,101.0999984741211,101.1999969482422,89.30000305175781,95.0999984741211,17191360,-0.0518445106622117,0.8515099001142443,0.8679969198061912,-0.5221105604315522,41.0
2021-05-14,AMC,99.0,143.39999389648438,95.5999984741211,129.8000030517578,64915470,0.3648791286477191,1.0848789873948483,2.5405348124882012,-0.3477386781318703,
2021-05-21,AMC,136.6999969482422,146.6999969482422,120.3000030517578,120.8000030517578,53580300,-0.0693374405885897,1.1726978087615147,1.45807127704092,-0.3929648087851366,
2021-05-28,AMC,123.8000030517578,367.2000122070313,121.6999969482422,261.20001220703125,207219670,1.162251702055983,1.7985876700016283,3.248546761065371,-0.0150829555651654,
2021-06-04,AMC,318.8999938964844,726.2000122070312,285.29998779296875,479.1000061035156,221100940,0.8342265838937764,3.764448435069723,2.358289068810287,-0.2340527480359462,100.0
2021-06-11,AMC,523.7999877929688,606.2000122070312,397.1000061035156,494.0,115681370,0.0310999659917872,3.891214629238569,0.7666540967453087,-0.2102318145483613,
2021-06-18,AMC,518.2999877929688,649.5999755859375,515.2000122070312,592.5999755859375,130072200,0.1995950922792257,3.863532426620029,0.8016174131573928,-0.0525979606939448,
2021-06-25,AMC,613.4000244140625,630.0999755859375,510.5,540.5999755859375,62961010,-0.087748906753809,3.744557195452546,0.3728756615265789,-0.1357314538993805,
2021-07-02,AMC,551.0,610.0,477.7000122070313,519.5999755859375,36975630,-0.0388457287243468,1.3207826420615605,0.347182208945539,-0.169304595386191,39.0
2021-07-09,AMC,534.5999755859375,550.7000122070312,387.6000061035156,461.8999938964844,36062730,-0.1110469291773669,1.1406488344791006,0.5932419221238096,-0.2615507691503047,
2021-07-16,AMC,442.8999938964844,465.5,321.3999938964844,349.6000061035156,61403460,-0.2431261945808471,0.9210145214996645,1.026545792232218,-0.4410871205379446,
2021-07-23,AMC,329.5,465.5,311.5,369.8999938964844,61904910,0.0580663256251718,1.3326637462869642,1.2016296695522442,-0.4086331032829986,
2021-07-30,AMC,383.2000122070313,408.5,360.7999877929687,370.2000122070313,33673030,0.0008110795228366,1.3524018453922289,0.6623525087004742,-0.4081534577025879,
2021-08-06,AMC,375.7999877929687,384.7999877929687,289.1000061035156,327.0,36772230,-0.1166937082186589,1.4275527547181734,0.7484001878433274,-0.4772182254196642,32.0
2021-08-13,AMC,326.79998779296875,371.6000061035156,294.0,334.70001220703125,39596120,0.0235474379419917,1.2790402487618422,0.8391528208695804,-0.4649080540255296,
2021-08-20,AMC,338.5,387.7999877929687,322.0,344.1000061035156,33467670,0.0280848328462861,0.9293443617216026,0.8587483772004265,-0.4498800861654426,
2021-08-27,AMC,350.29998779296875,483.0,344.0,408.3999938964844,69529800,0.1868642448487065,1.1764976758193062,1.684335628377779,-0.3470823438905125,
2021-09-03,AMC,417.7999877929687,478.5,412.7999877929687,440.2000122070313,43876120,0.0778648843922538,1.0558981528765448,0.933676280922675,-0.2962429860798861,25.0
2021-09-10,AMC,450.0,517.0,448.7999877929687,501.6000061035156,37562020,0.1394820358787429,1.0387962694313655,0.9967552312065217,-0.1980815250143635,
2021-09-17,AMC,518.2000122070312,527.9000244140625,437.7000122070313,442.0,34330640,-0.1188197874367967,1.0627806983113972,0.7223873518106619,-0.293365307753797,
2021-09-24,AMC,419.5,433.2999877929687,376.5,400.1000061035156,26177220,-0.0947963662816389,0.7880881136895722,0.595735796591552,-0.3603517088672812,
2021-10-01,AMC,401.2000122070313,417.7999877929687,337.3999938964844,384.6000061035156,28249540,-0.0387403143302871,0.7226342390406781,0.8458225801136976,-0.3851318847265937,17.0
2021-10-08,AMC,389.0,390.2999877929687,356.3999938964844,371.8999938964844,18044390,-0.0330213520683435,0.6386039502566155,0.6095164649607215,-0.4054356612366357,
2021-10-15,AMC,368.5,417.8999938964844,361.2000122070313,407.3999938964844,21027220,0.0954557692460764,0.6190512976861203,0.8703725250294362,-0.348681064913694,
2021-10-22,AMC,408.0,444.3999938964844,359.6000061035156,366.0,21438730,-0.1016200159958852,0.6372126711433523,0.959118717817778,-0.4148681055155875,
2021-10-29,AMC,362.2999877929687,378.5,345.29998779296875,353.70001220703125,14113800,-0.0336065240245048,0.5419509114284885,0.684754422197486,-0.4345323545850819,
2021-11-05,AMC,356.5,442.1000061035156,353.8999938964844,417.0,22924500,0.178965184077849,0.5963764482688543,1.1829583819244438,-0.3333333333333333,18.0
2021-11-12,AMC,424.7999877929687,459.5,375.0,400.0,19480210,-0.0407673860911271,0.7756428491509904,0.9478788319463612,-0.360511590727418,
2021-11-19,AMC,403.5,444.2999877929687,396.6000061035156,408.7000122070313,14758330,0.0217500305175781,0.718623113742998,0.7887458232734466,-0.3466026983101019,
2021-11-26,AMC,415.1000061035156,429.8999938964844,361.2999877929687,376.2999877929687,9422090,-0.0792758097537074,0.7390475288323928,0.6667905110385255,-0.398401298492456,
2021-12-03,AMC,382.6000061035156,384.2999877929687,253.1000061035156,290.1000061035156,24980460,-0.2290725072701259,0.9429907082615592,1.4135389432213468,-0.5362110214172412,18.0
2021-12-10,AMC,281.0,339.20001220703125,260.0,274.3999938964844,23465170,-0.0541193101575772,0.9111899836525208,1.2912768443174782,-0.5613109609968275,
2021-12-17,AMC,274.8999938964844,307.1000061035156,208.0,291.20001220703125,43290930,0.0612245578871424,1.266645844553385,1.894386522245987,-0.5344524185339229,
2021-12-24,AMC,289.6000061035156,322.29998779296875,268.20001220703125,285.20001220703125,18778040,-0.0206043947406646,1.2736960462694946,0.8556229931779944,-0.5440447446730116,
2021-12-31,AMC,283.5,301.8999938964844,266.20001220703125,272.0,15282150,-0.0462833507785729,1.1225582115938617,0.5458574805504772,-0.5651478816946442,
2022-01-07,AMC,274.20001220703125,281.29998779296875,208.0,229.8999938964844,21385460,-0.1547794342041016,1.0917744261075384,0.8288060000998533,-0.6324540465284023,13.0
2022-01-14,AMC,224.1999969482422,237.5,195.1000061035156,205.6999969482422,19932150,-0.1052631474150388,0.9503011863289688,0.8565398799475685,-0.6711430904104841,
2022-01-21,AMC,197.8999938964844,201.6000061035156,162.1999969482422,179.6999969482422,20704090,-0.1263976683798496,0.5976816105918648,1.298616007483951,-0.7127098370132019,
2022-01-28,AMC,162.39999389648438,181.6000061035156,134.0,150.60000610351562,30606400,-0.1619365127374376,0.6411745889546319,1.3617228667324983,-0.7592326041510542,
2022-02-04,AMC,151.39999389648438,187.1000061035156,146.5,153.5,28611320,0.0192562667925197,0.7583148590667786,1.0880534301363127,-0.7545963229416467,12.0
2022-02-11,AMC,156.1999969482422,209.6000061035156,146.5,188.1000061035156,32427840,0.2254072058860954,1.0017094405926164,1.1683261513628185,-0.6992805657817496,
2022-02-18,AMC,188.3000030517578,205.8000030517578,176.60000610351562,179.0,20748700,-0.0483785529411823,1.0607527178086371,0.7175954098426379,-0.7138289368505196,
2022-02-25,AMC,173.60000610351562,181.3000030517578,149.60000610351562,176.60000610351562,16447420,-0.0134077871311977,1.098300895575075,0.7760816189935502,-0.7176658575483363,
2022-03-04,AMC,180.0,194.3000030517578,163.5,165.6999969482422,18611400,-0.0617214540122059,1.0857420710208492,0.7687401209148361,-0.7350919313377423,14.0
2022-03-11,AMC,169.10000610351562,171.0,142.6999969482422,143.0,15495350,-0.1369945526029956,0.9200400549805308,0.7059137376849763,-0.771382893685052,
2022-03-18,AMC,140.5,159.0,129.0,158.0,16903990,0.104895104895105,0.9114030851642776,0.9248966826408058,-0.7474020783373302,
2022-03-25,AMC,156.89999389648438,223.5,152.8000030517578,202.3999938964844,42648460,0.2810126195980027,1.0132273900949245,2.0080826885789387,-0.6764188746658922,
2022-04-01,AMC,206.1000061035156,343.29998779296875,205.3000030517578,233.0,68935610,0.1511858054658128,1.919756108881145,2.186094433950959,-0.627498001598721,9.0
2022-04-08,AMC,234.8000030517578,239.6000061035156,181.3000030517578,182.3999938964844,24133990,-0.2171674081695949,1.947030895098642,0.6495724027517291,-0.7083932951295214,
2022-04-15,AMC,180.3000030517578,190.1000061035156,169.39999389648438,180.1999969482422,14171020,-0.0120613871812449,1.95636219718732,0.4628346127124484,-0.7119104765016112,
2022-04-22,AMC,181.0,189.1999969482422,161.0,165.1999969482422,13235540,-0.0832408449169308,1.8599276812362415,0.3745158802479068,-0.735891291849333,
2022-04-29,AMC,163.89999389648438,170.89999389648438,147.0,153.0,12898330,-0.0738498618257512,0.7350032833266874,0.5819217090574625,-0.7553956834532374,
2022-05-06,AMC,151.0,161.10000610351562,135.1999969482422,137.60000610351562,14215990,-0.1006535548789826,0.7314897503278808,0.9083560663734012,-0.780015977452413,10.0
2022-05-13,AMC,136.3000030517578,140.10000610351562,97.0,118.0999984741211,31795140,-0.1417151654391992,0.8792911693550878,1.9555319911832616,-0.8111910496017248,
2022-05-20,AMC,119.0,142.1999969482422,114.3000030517578,120.3000030517578,22470440,0.0186283201190626,0.9465705953652984,1.16028268844092,-0.8076738560323616,
2022-05-27,AMC,120.0999984741211,144.6999969482422,103.0,144.3000030517578,27708010,0.1995012418218664,1.3027399065855654,1.248613909354361,-0.7693045514760067,
2022-06-03,AMC,157.5,161.3000030517578,121.8000030517578,124.5,24705070,-0.1372141554609386,1.3612681027194689,1.158332332883644,-0.8009592326139089,9.0
2022-06-10,AMC,124.1999969482422,142.5,117.6999969482422,124.3000030517578,18541540,-0.0016064011907001,1.247322280520489,0.6881282934270428,-0.8012789719396358,
2022-06-17,AMC,119.0999984741211,129.6999969482422,110.9000015258789,125.3000030517578,15041350,0.0080450520953212,1.296322923742475,0.6441615433914389,-0.7996802509164543,
2022-06-24,AMC,127.5,132.1999969482422,114.4000015258789,124.6999969482422,17385020,-0.0047885561763935,1.0956488901140196,0.9624888620305808,-0.800639493288182,
2022-07-01,AMC,125.8000030517578,147.5,123.0999984741211,135.3000030517578,20127030,0.085004060648977,0.933523448243658,0.954473505664702,-0.7836930406846397,9.0
2022-07-08,AMC,135.5,153.1999969482422,121.5999984741211,146.60000610351562,16770710,0.0835181285800497,1.0043375963279084,1.1210127882030825,-0.76562748824378,
2022-07-15,AMC,144.89999389648438,161.39999389648438,140.6999969482422,153.6999969482422,18334350,0.0484310405806753,0.9059332495143786,0.940387355159493,-0.7542765836159198,
2022-07-22,AMC,156.0,183.6999969482422,152.8000030517578,155.0,22296480,0.0084580551566022,0.9491168560625148,1.063453159546237,-0.7521982414068745,
2022-07-29,AMC,155.5,155.6999969482422,138.1999969482422,145.60000610351562,10803470,-0.0606451219128025,0.8565707790585558,0.5864722821829285,-0.7672262092669614,
2022-08-05,AMC,143.3000030517578,227.6999969482422,143.1999969482422,221.8000030517578,30097150,0.5233516054530047,0.9908411358827792,1.579641304406501,-0.6454036721794439,16.0
2022-08-12,AMC,240.6000061035156,275.0,207.3000030517578,244.3999938964844,41206810,0.1018935551567723,1.082221586952722,1.7186664161595906,-0.6092725916922712,
2022-08-19,AMC,240.6999969482422,261.6000061035156,175.0,180.1999969482422,28478630,-0.2626841184596514,1.2264909123230263,1.0623182223896888,-0.7119104765016112,
2022-08-26,AMC,113.3000030517578,130.5,89.5999984741211,91.6999969482422,34981690,-0.4911209850098909,1.9639365289098656,1.0924678892416302,-0.85339728705317,
2022-09-02,AMC,90.4000015258789,96.4000015258789,83.0,88.80000305175781,15173010,-0.031624798178796,1.6990989638133076,0.4631894836764751,-0.8580335682625775,8.0
2022-09-09,AMC,86.5,97.3000030517578,78.9000015258789,97.1999969482422,9567620,0.0945945226104143,1.7010954756426313,0.4739356209375412,-0.844604321425672,
2022-09-16,AMC,100.0999984741211,107.5,89.80000305175781,89.80000305175781,15126490,-0.0761316268397086,1.6854485635198213,0.6990561156364616,-0.856434847239396,
2022-09-23,AMC,90.6999969482422,93.5,76.5,79.9000015258789,10777930,-0.1102450021095527,0.855434262333793,0.710525937546779,-0.8722621878083471,
2022-09-30,AMC,76.5,79.69999694824219,68.0999984741211,69.69999694824219,14016340,-0.1276596293221975,1.0555226111763751,1.0365782145431677,-0.888569149563162,
2022-10-07,AMC,68.4000015258789,81.30000305175781,64.0,65.30000305175781,12952970,-0.0631276052960478,1.0669245431953716,0.9714630117639442,-0.8956035123073416,5.0
2022-10-14,AMC,64.5999984741211,69.30000305175781,54.70000076293945,60.0,12997000,-0.0811639020530664,1.0096496527017678,1.0198171552528013,-0.9040767386091128,
2022-10-21,AMC,61.79999923706055,68.0,60.5,64.9000015258789,8654200,0.081666692097982,1.0348353960192953,0.6947613066947704,-0.8962430031560689,
2022-10-28,AMC,64.5999984741211,71.0999984741211,62.0,65.0999984741211,9288080,0.003081617003698,0.8207700668217259,0.830250214103797,-0.8959232638303419,
2022-11-04,AMC,68.19999694824219,72.5,54.20000076293945,56.5,11300400,-0.1321044343424956,0.6194753174601573,1.038348925836797,-0.9096722621902478,5.0
2022-11-11,AMC,55.599998474121094,72.80000305175781,50.5,72.0,15681370,0.2743362831858409,1.1361382190658469,1.459859027916795,-0.8848920863309353,
2022-11-18,AMC,80.19999694824219,83.5,71.0,75.9000015258789,16605550,0.0541666878594293,1.1462546437847427,1.313053267370095,-0.8786570719010729,
2022-11-25,AMC,73.0,79.9000015258789,70.5,75.0999984741211,7728120,-0.010540224448942,1.1433053702813032,0.7288343928124569,-0.8799360535985274,
2022-12-02,AMC,74.4000015258789,91.5,69.5999984741211,81.69999694824219,21057890,0.0878828043704342,1.154602486941235,1.4517625033605293,-0.8693844972849845,5.0
2022-12-09,AMC,81.80000305175781,85.4000015258789,58.099998474121094,59.400001525878906,14738870,-0.2729497705671956,1.1037104943621454,0.9062051600183484,-0.9050359687835668,
2022-12-16,AMC,59.900001525878906,65.0999984741211,51.29999923706055,53.099998474121094,13301310,-0.106060654712493,0.8247400811733943,0.8993823510638492,-0.9151079161085194,
2022-12-23,AMC,52.29999923706055,53.70000076293945,41.099998474121094,44.0,15714530,-0.1713747407837701,0.9262246983721334,1.0154312497508655,-0.929656274980016,
2022-12-30,AMC,42.0,42.099998474121094,38.099998474121094,40.70000076293945,9109690,-0.0749999826604671,0.8351856991438263,0.7189047300080516,-0.9349320531367874,
2023-01-06,AMC,41.400001525878906,43.900001525878906,37.70000076293945,38.5,6816260,-0.0540540717862277,0.7504416297732984,0.6403272878374981,-0.938449240607514,6.0
2023-01-13,AMC,39.20000076293945,53.5,37.900001525878906,50.599998474121094,15188510,0.314285674652496,1.128696845176642,1.183830472019233,-0.919104718666473,
2023-01-20,AMC,53.70000076293945,65.5,50.599998474121094,55.20000076293945,18073940,0.090909138884085,1.3099548279473148,1.5612145171206209,-0.9117505983006564,
2023-01-27,AMC,55.29999923706055,59.5,51.0,55.099998474121094,13642920,-0.0018116356419601,1.1460744920039414,0.933406312284352,-0.9119104740621564,
2023-02-03,AMC,52.79999923706055,67.69999694824219,49.5,60.79999923706055,19501340,0.1034482925733033,1.1917264569665558,1.2410475839108863,-0.9027977630102948,7.0
2023-02-10,AMC,63.099998474121094,73.30000305175781,46.400001525878906,49.0,20913340,-0.1940789372554444,1.2097013436693629,1.119005678570669,-0.9216626698641088,
2023-02-17,AMC,47.5,55.29999923706055,43.900001525878906,52.400001525878906,16851960,0.0693877862424265,1.0989548778722618,0.9367980715075712,-0.9162270159458372,
2023-02-24,AMC,54.70000076293945,67.9000015258789,54.400001525878906,62.0,20772270,0.1832060724154733,1.2290775680958,1.327316679426011,-0.9008792965627498,
2023-03-03,AMC,63.099998474121094,85.30000305175781,59.0,65.80000305175781,33957430,0.0612903718025452,1.4782808902035904,1.4227838247345137,-0.8948041517957509,6.0
2023-03-10,AMC,65.80000305175781,67.5,53.0,53.79999923706055,9408800,-0.1823708701845827,1.372582112652003,0.421133045988345,-0.9139888101725652,
2023-03-17,AMC,54.400001525878906,55.599998474121094,40.599998474121094,41.79999923706055,17207800,-0.2230483303006017,1.3783777336823044,0.8062124118180509,-0.9331734624507424,
2023-03-24,AMC,42.5,47.5,41.400001525878906,44.70000076293945,9980410,0.0693780282011997,1.239854303681245,0.5291659707526796,-0.9285371690440616,
2023-03-31,AMC,45.099998474121094,55.0,43.0,50.099998474121094,17746050,0.120805315861622,0.907544198409467,1.2378047465973918,-0.9199040791780638,
2023-04-07,AMC,49.900001525878906,51.599998474121094,38.79999923706055,49.0,25622810,-0.0219560580363946,1.4558898537583382,1.973610014184215,-0.9216626698641088,5.0
2023-04-14,AMC,47.70000076293945,57.599998474121094,47.400001525878906,51.20000076293945,17731030,0.044897974753866,1.327172886630983,0.943596780532251,-0.918145482393382,
2023-04-21,AMC,52.400001525878906,53.0,48.900001525878906,49.900001525878906,6702840,-0.0253906097204892,1.3160037689099386,0.3773564324896937,-0.9202238185037908,
2023-04-28,AMC,49.0,55.599998474121094,46.400001525878906,55.0,10968840,0.1022043751136192,1.238249117312112,0.6566452298634669,-0.91207034372502,
2023-05-05,AMC,55.29999923706055,61.099998474121094,53.20000076293945,58.900001525878906,11512490,0.0709091186523436,0.4947845067567784,0.845194225036443,-0.9058353292951576,4.0
2023-05-12,AMC,58.29999923706055,60.29999923706055,50.79999923706055,52.0,7766360,-0.1171477308510298,0.4425987957370985,0.7690543599764291,-0.9168665067945644,
2023-05-19,AMC,51.0,52.400001525878906,48.70000076293945,50.29999923706055,5933730,-0.0326923223642203,0.4489501571068238,0.6517499360745701,-0.9195843337537002,
2023-05-26,AMC,50.29999923706055,52.099998474121094,46.20000076293945,46.400001525878906,7194640,-0.0775347469251683,0.4243643395909143,0.8581416793450656,-0.9258193420849258,
2023-06-02,AMC,47.400001525878906,47.79999923706055,43.79999923706055,45.5,4918480,-0.0193965839715963,0.3291264724290165,0.8023391413113006,-0.927258193445244,4.0
2023-06-09,AMC,46.5,48.20000076293945,45.20000076293945,47.70000076293945,6857080,0.0483516651195483,0.3149416610964903,1.0450710250836392,-0.9237410059745172,
2023-06-16,AMC,47.79999923706055,51.5,46.70000076293945,47.0,8634090,-0.0146750681707182,0.3308161845901147,1.2524102632988885,-0.9248601119104716,
2023-06-23,AMC,46.900001525878906,47.29999923706055,40.099998474121094,40.099998474121094,8239590,-0.1468085431038065,0.425605974913577,1.3394280990247929,-0.9358912894098784,
2023-06-30,AMC,40.79999923706055,45.5,40.099998474121094,44.0,10174940,0.0972568996080089,0.5024337605075775,1.227676119802562,-0.929656274980016,
2023-07-07,AMC,43.900001525878906,46.0,41.900001525878906,42.0,7270900,-0.0454545454545454,0.5179555665389974,0.988569656084801,-0.9328537170263788,5.0
2023-07-14,AMC,41.79999923706055,45.70000076293945,41.70000076293945,43.29999923706055,10439640,0.0309523627871559,0.5071520079260907,1.0668616006980098,-0.9307753809159705,
2023-07-21,AMC,43.400001525878906,45.400001525878906,42.29999923706055,44.0,15605430,0.0161662996598928,0.4097771609041585,1.4737713057863329,-0.929656274980016,
2023-07-28,AMC,58.400001525878906,62.29999923706055,45.099998474121094,46.400001525878906,41374260,0.0545454892245205,1.3696578053504744,2.3197132518830785,-0.9258193420849258,
2023-08-04,AMC,46.599998474121094,51.70000076293945,46.400001525878906,49.29999923706055,11218190,0.062499948616687,1.3792640087501902,0.5707966730515218,-0.9211830547768816,8.0
2023-08-11,AMC,50.400001525878906,54.599998474121094,48.599998474121094,52.599998474121094,14914090,0.0669371052358924,1.39557545822494,0.7382173569321576,-0.9159072766201102,
2023-08-18,AMC,33.29999923706055,41.900001525878906,31.799999237060547,40.900001525878906,38469220,-0.2224334085104304,1.9588216432013117,1.5186978532610804,-0.9346123077124238,
2023-08-25,AMC,40.0,40.29999923706055,12.399999618530272,12.43000030517578,92698710,-0.6960880234366038,2.0821621623234448,3.040239275277657,-0.9801278971939636,
2023-09-01,AMC,11.989999771118164,13.899999618530272,10.720000267028809,13.100000381469728,169048700,0.0539018551765408,2.1960430250863614,2.7713746012652942,-0.9790567539864592,5.0
2023-09-08,AMC,13.0,13.760000228881836,7.099999904632568,7.179999828338623,185231800,-0.4519084260108182,2.4327505366955444,2.1756132142305145,-0.9885211833279958,
2023-09-15,AMC,7.420000076293945,9.100000381469728,7.050000190734863,8.359999656677246,172828300,0.1643453839206652,2.1636278465274037,1.2166504821835886,-0.9866346927950804,
2023-09-22,AMC,8.25,8.6899995803833,7.329999923706055,7.619999885559082,93968200,-0.0885167226684173,1.7218454903751514,0.5771033519978725,-0.9878177459863164,
2023-09-29,AMC,7.690000057220459,8.5,7.309999942779541,7.989999771118164,85825900,0.0485564161569449,1.5470070344467393,0.5651108864600436,-0.9872262193906984,
2023-10-06,AMC,8.0600004196167,9.43000030517578,7.730000019073486,9.260000228881836,103361500,0.1589487477026476,0.7759593257631489,0.8557777928793499,-0.9851958429594216,4.0
2023-10-13,AMC,9.109999656677246,11.170000076293944,9.0600004196167,9.5,140870100,0.0259179012079944,0.9339686597747126,1.2990888185702674,-0.9848121502797762,
2023-10-20,AMC,9.229999542236328,10.260000228881836,8.960000038146973,9.079999923706056,91726500,-0.0442105343467311,0.9187389799019766,0.8684874461678053,-0.9854836132314851,
2023-10-27,AMC,9.369999885559082,9.960000038146973,8.90999984741211,9.149999618530272,71600500,0.0077092175564301,0.8634064469243053,0.6917459630564079,-0.9853717032477534,
2023-11-03,AMC,9.289999961853027,11.300000190734863,9.239999771118164,10.720000267028809,86428200,0.1715847774811949,0.8642207856491084,0.8563629812782999,-0.9828617102045902,4.0
2023-11-10,AMC,11.0,11.43000030517578,7.840000152587891,8.010000228881836,148582400,-0.2527985047241128,0.8855201936708891,1.522405799363121,-0.9871942442383984,
2023-11-17,AMC,7.949999809265137,8.300000190734863,7.260000228881836,7.429999828338623,90500200,-0.072409536076153,0.8451514727616823,0.9141089227630976,-0.9881215030722004,
2023-11-24,AMC,7.5,7.519999980926514,6.519999980926514,6.900000095367432,66771200,-0.0713324017787631,0.8972776394975518,0.8266629858983041,-0.988968824787582,
2023-12-01,AMC,6.880000114440918,7.340000152587891,6.53000020980835,6.860000133514404,106291900,-0.0057970958406047,0.8052226984856626,1.0133113429189726,-0.989032773567523,3.0
2023-12-08,AMC,6.869999885559082,7.539999961853027,6.710000038146973,6.929999828338623,92190000,0.0102040369477889,0.7643492534357998,0.8501641187608382,-0.9889208635837912,
2023-12-15,AMC,6.860000133514404,7.21999979019165,6.5,6.650000095367432,118626200,-0.0404040028725827,0.7129083862550236,1.245948491507554,-0.9893685050433774,
2023-12-22,AMC,6.659999847412109,6.840000152587891,5.929999828338623,6.099999904632568,105487500,-0.0827067944131321,0.6963791120951359,1.0299508317602064,-0.990247801911059,
2023-12-29,AMC,6.079999923706055,6.5,5.960000038146973,6.119999885559082,57856500,0.0032786854490483,0.5940429669240473,0.7069042508433918,-0.9902158275210886,
2024-01-05,AMC,6.090000152587891,6.329999923706055,5.079999923706055,5.170000076293945,82423100,-0.1552287299068063,0.5106334712437646,1.06288715602034,-0.9917346121881792,3.0
2024-01-12,AMC,5.139999866485596,5.420000076293945,4.46999979019165,4.559999942779541,78399900,-0.1179884186678148,0.4822998558044972,0.7948979226683919,-0.992709832225772,
2024-01-19,AMC,4.539999961853027,4.539999961853027,4.010000228881836,4.510000228881836,62253100,-0.010964849676561,0.6319974776957739,0.8587984305010249,-0.9927897678195334,
2024-01-26,AMC,4.599999904632568,4.809999942779541,4.059999942779541,4.070000171661377,60765800,-0.0975609833460137,0.581306376534671,0.7499422468082058,-0.9934932051612128,
2024-02-02,AMC,4.110000133514404,4.320000171661377,3.930000066757202,4.010000228881836,57988700,-0.014742000061157,0.560945499662795,0.7863931866719025,-0.993589128331124,3.0
2024-02-09,AMC,3.9700000286102295,4.489999771118164,3.5899999141693115,4.380000114440918,84195100,0.0922692928778847,0.7964585176563488,1.197891876405233,-0.992997601735506,
2024-02-16,AMC,4.380000114440918,5.050000190734863,4.260000228881836,4.829999923706055,63706200,0.1027396797962358,0.7374668903827234,0.933020658137652,-0.9922781775800064,
2024-02-23,AMC,4.760000228881836,4.820000171661377,4.28000020980835,4.440000057220459,36474700,-0.0807453152476138,0.7294496461469239,0.7104200417467741,-0.9929016785655947,
2024-03-01,AMC,4.460000038146973,5.099999904632568,4.21999979019165,4.360000133514404,97486300,-0.01801800060249,0.9079423727873646,1.4036600831736317,-0.9930295761254766,2.0
2024-03-08,AMC,4.360000133514404,4.900000095367432,4.119999885559082,4.300000190734863,78271000,-0.0137614543445389,0.7899285752081044,1.0763187757158863,-0.993125499295388,
2024-03-15,AMC,4.300000190734863,4.539999961853027,4.170000076293945,4.440000057220459,55397600,0.032558107040844,0.7024555969986621,0.7934567992801729,-0.9929016785655947,
2024-03-22,AMC,4.429999828338623,4.489999771118164,4.059999942779541,4.079999923706055,40078700,-0.0810811101069608,0.6936412072354547,0.5841200559158531,-0.9934772183473924,
2024-03-29,AMC,4.110000133514404,4.369999885559082,3.650000095367432,3.7200000286102295,79394100,-0.0882352700557947,0.676411708137907,1.5064885397161762,-0.9940527577480252,
2024-04-05,AMC,3.740000009536743,3.7699999809265137,2.940000057220459,3.009999990463257,116039900,-0.1908602238404347,0.81990276660571,1.5170375050982328,-0.9951878497354704,2.0
2024-04-12,AMC,3.0399999618530273,3.049999952316284,2.609999895095825,2.6500000953674316,67588600,-0.1196012944307084,0.8079238853372896,0.873776666639781,-0.9957633891361032,
2024-04-19,AMC,2.6700000762939453,3.299999952316284,2.380000114440918,3.1600000858306885,116094700,0.1924528196639721,1.060525987304897,1.3072173995163885,-0.9949480414295272,
2024-04-26,AMC,3.200000047683716,3.549999952316284,3.0,3.4100000858306885,85664900,0.0791139219017711,0.9727153393030368,0.8437247933530605,-0.994548361173732,
2024-05-03,AMC,3.3299999237060547,3.390000104904175,2.8399999141693115,3.299999952316284,100385000,-0.0322581028579674,0.9288124830116856,1.1189594956240665,-0.9947242206997342,12.0
2024-05-10,AMC,3.259999990463257,3.440000057220459,2.9000000953674316,2.9100000858306885,150215500,-0.1181817794305885,0.9238216318223076,1.4125860534658623,-0.9953477216853226,
2024-05-17,AMC,3.5199999809265137,11.880000114440918,3.1600000858306885,4.400000095367432,1696434600,0.5120274795838731,3.249813267383357,4.9376977518082885,-0.9929656273455356,
2024-05-24,AMC,4.349999904632568,5.230000019073486,4.320000171661377,4.840000152587891,303889200,0.1000000108372078,3.293315255313725,0.5617965952315987,-0.9922621900038564,
2024-05-31,AMC,5.010000228881836,5.369999885559082,4.099999904632568,4.329999923706055,181112300,-0.1053719447940811,3.284406128229982,0.3885320760108877,-0.993077538091597,
2024-06-07,AMC,5.440000057220459,5.960000038146973,4.570000171661377,4.909999847412109,523531300,0.1339491764262277,3.3600011418820017,0.8113695257457783,-0.9921502800201244,6.0
2024-06-14,AMC,4.929999828338623,5.53000020980835,4.559999942779541,4.989999771118164,207603700,0.0162932639902668,1.2799433786168488,0.4626421500823923,-0.9920223824602428,
2024-06-21,AMC,4.949999809265137,5.179999828338623,4.46999979019165,4.550000190734863,95768200,-0.0881762726583662,1.1877627955115495,0.4129960901612494,-0.9927258190395926,
2024-06-28,AMC,4.489999771118164,4.989999771118164,4.329999923706055,4.980000019073486,116210200,0.0945054528160742,1.0544436589751316,0.4680875938580227,-0.9920383692740632,
2024-07-05,AMC,4.869999885559082,5.360000133514404,4.829999923706055,5.050000190734863,68046200,0.0140562593159183,0.9629930685655326,0.3961670327169313,-0.9919264585280018,3.0
2024-07-12,AMC,5.079999923706055,5.730000019073486,5.079999923706055,5.260000228881836,98530800,0.0415841643990935,0.555114448325797,0.7136587115304042,-0.9915907270521472,
2024-07-19,AMC,5.269999980926514,5.710000038146973,4.960000038146973,5.010000228881836,84588500,-0.0475285150421266,0.5463469326072034,0.8196387449608649,-0.9919904073079427,
2024-07-26,AMC,5.079999923706055,5.760000228881836,4.539999961853027,5.179999828338623,122427500,0.0339320542296117,0.7012897030552269,1.1826813479391234,-0.9917186253743588,
2024-08-02,AMC,5.25,5.440000057220459,4.889999866485596,4.940000057220459,73715900,-0.0463320036817721,0.7053631037640523,0.7776456014876896,-0.992102318054004,2.0
2024-08-09,AMC,4.409999847412109,5.210000038146973,4.409999847412109,5.0,64777700,0.0121457372640803,0.6798652179585895,0.7260909001390633,-0.9920063948840928,
2024-08-16,AMC,5.050000190734863,5.179999828338623,4.960000038146973,4.989999771118164,47516200,-0.0020000457763666,0.646094681347242,0.5940415425095178,-0.9920223824602428,
2024-08-23,AMC,5.03000020980835,5.099999904632568,4.900000095367432,5.050000190734863,35585900,0.0120241327392394,0.415356260534706,0.5795236121701589,-0.9919264585280018,
2024-08-30,AMC,5.079999923706055,5.25,4.710000038146973,4.820000171661377,43920900,-0.0455445565121884,0.3948937757489206,0.8489315445490192,-0.9922941643938268,
2024-09-06,AMC,4.829999923706055,4.980000019073486,4.610000133514404,4.980000019073486,32676600,0.0331949879074298,0.3670458792689134,0.9513772096277184,-0.9920383692740632,2.0
2024-09-13,AMC,4.880000114440918,5.110000133514404,4.71999979019165,4.960000038146973,38170900,-0.0040160604116293,0.3592861734902141,0.9118040916387062,-0.9920703436640336,
2024-09-20,AMC,4.949999809265137,5.010000228881836,4.639999866485596,4.760000228881836,60585200,-0.0403225418804342,0.3562493368810599,1.4269358366203673,-0.992390087563738,
2024-09-27,AMC,4.71999979019165,4.71999979019165,4.360000133514404,4.5,52704800,-0.054621894197453,0.3547016696279552,1.107561349365361,-0.9928057553956836,
2024-10-04,AMC,4.510000228881836,4.690000057220459,4.289999961853027,4.400000095367432,37775400,-0.0222222010294596,0.278263474818996,0.7877863818845064,-0.9929656273455356,2.0
2024-10-11,AMC,4.389999866485596,4.389999866485596,4.03000020980835,4.170000076293945,40830600,-0.0522727304746296,0.3394556817990962,0.8582462912833426,-0.9933333332113606,
2024-10-18,AMC,4.150000095367432,4.369999885559082,4.110000133514404,4.360000133514404,26539700,0.0455635620489773,0.3734509015544107,0.5908294300829142,-0.9930295761254766,
2024-10-25,AMC,4.340000152587891,4.510000228881836,4.159999847412109,4.320000171661377,26823500,-0.0091743028963591,0.3432326256525509,0.7789672645620066,-0.9930935249054176,
2024-11-01,AMC,4.360000133514404,4.650000095367432,4.320000171661377,4.510000228881836,33939500,0.0439814929792903,0.3828375958263497,1.0357291805777251,-0.9927897678195334,2.0
2024-11-08,AMC,4.5,4.800000190734863,4.170000076293945,4.269999980926514,65066500,-0.0532151298836688,0.4321168237663822,1.8827645691712416,-0.9931734612615084,
2024-11-15,AMC,4.300000190734863,4.869999885559082,4.25,4.480000019073486,85862600,0.0491803370222512,0.4560358336411367,1.804574614466673,-0.992837729785654,
2024-11-22,AMC,4.449999809265137,4.619999885559082,4.260000228881836,4.550000190734863,49952000,0.0156250382507483,0.45089712866792,0.8848054296511613,-0.9927258190395926,
2024-11-29,AMC,4.690000057220459,5.090000152587891,4.679999828338623,4.949999809265137,78247800,0.0879120003873383,0.4864809479966541,1.4508607157984337,-0.9920863312401836,
2024-12-06,AMC,5.019999980926514,5.559999942779541,4.610000133514404,4.730000019073486,121640800,-0.0444444037714639,0.561486393284043,1.4983059593497554,-0.9924380495298586,2.0
2024-12-13,AMC,4.690000057220459,4.760000228881836,4.159999847412109,4.179999828338623,88361300,-0.1162791096230475,0.5751932473543345,1.023793188730226,-0.9933173463975402,
2024-12-20,AMC,4.150000095367432,4.389999866485596,3.930000066757202,4.179999828338623,101474300,2.220446049250313e-16,0.6212795182862765,1.0640962749502667,-0.9933173463975402,
2024-12-27,AMC,4.139999866485596,4.190000057220459,3.9600000381469727,4.0,41462500,-0.04306216165807,0.5341314505363988,0.5473387213026721,-0.9936051159072742,
2025-01-03,AMC,3.9700000286102295,4.070000171661377,3.869999885559082,4.019999980926514,39123800,0.0049999952316284,0.5184708968329302,0.5461983931724705,-0.9935731415173036,2.0
2025-01-10,AMC,4.050000190734863,4.130000114440918,3.7200000286102295,3.799999952316284,42401800,-0.054726375535834,0.351243353559138,0.7209850902168383,-0.9939248601881434,
2025-01-17,AMC,3.759999990463257,3.7699999809265137,3.2100000381469727,3.5,84005200,-0.0789473568633649,0.5629507681659267,1.223393451177245,-0.9944044764188648,
2025-01-24,AMC,3.5,3.5799999237060547,3.3499999046325684,3.4200000762939453,38334500,-0.0228571210588727,0.5371904658000667,0.7865906192258711,-0.9945323739787468,
2025-01-31,AMC,3.390000104904175,3.4700000286102295,3.0799999237060547,3.109999895095825,47395700,-0.0906433258136207,0.5659405131840041,0.8119683554530128,-0.995027977785618,
2025-02-07,AMC,3.0,3.2100000381469727,2.950000047683716,3.0999999046325684,33391900,-0.0032154311255847,0.5656227244221124,0.5965826932369916,-0.9950439649806034,2.0
2025-02-14,AMC,3.119999885559082,3.640000104904175,3.109999895095825,3.549999952316284,64241800,0.1451613101701214,0.4056132670542051,1.2499620481428475,-0.9943245404439388,
2025-02-21,AMC,3.5899999141693115,3.7699999809265137,3.390000104904175,3.430000066757202,41096300,-0.0338027851185703,0.4457045368717299,1.0526647295343012,-0.9945163867837614,
2025-02-28,AMC,3.450000047683716,3.5399999618530273,3.1500000953674316,3.299999952316284,54913000,-0.0379009072626121,0.4121100551727953,1.100010656886705,-0.9947242206997342,
2025-03-07,AMC,3.309999942779541,3.390000104904175,2.950000047683716,3.059999942779541,40367900,-0.0727272766680755,0.4926528570100722,0.7872732200454923,-0.9951079137605444,1.0
2025-03-14,AMC,2.990000009536743,3.0999999046325684,2.819999933242798,2.9000000953674316,38924400,-0.0522875328117731,0.4213583724986613,0.7807073122606379,-0.995363708880308,
2025-03-21,AMC,2.9100000858306885,3.0999999046325684,2.9100000858306885,3.0399999618530273,42293800,0.0482758144419501,0.4003053794200354,0.9596991316416238,-0.9951398881505148,
2025-03-28,AMC,3.059999942779541,3.180000066757202,2.8499999046325684,2.880000114440918,35793400,-0.052631529414422,0.3922151011445551,0.8709497316694914,-0.9953956832702784,
2025-04-04,AMC,2.809999942779541,2.9200000762939453,2.450000047683716,2.6500000953674316,47667000,-0.0798611145604539,0.3219668126060331,1.2159158079008945,-0.9957633891361032,2.0
2025-04-11,AMC,2.6500000953674316,2.9700000286102295,2.559999942779541,2.950000047683716,54537900,0.1132075251018764,0.4820007541068843,1.2253146768055023,-0.9952837729053816,
2025-04-18,AMC,2.9700000286102295,3.0,2.759999990463257,2.7799999713897705,24185700,-0.0576271435749385,0.513682144642381,0.678294804139846,-0.9955555556012954,
2025-04-25,AMC,2.75,2.8299999237060547,2.6500000953674316,2.7100000381469727,32941500,-0.0251798323608628,0.5125245988049896,0.7823248510144188,-0.995667465966192,
2025-05-02,AMC,2.7100000381469727,2.759999990463257,2.5299999713897705,2.680000066757202,37804000,-0.0110700999880001,0.4758217235650852,0.9125954730792936,-0.9957154275511476,2.0
2025-05-09,AMC,2.6500000953674316,2.7899999618530273,2.569999933242798,2.7300000190734863,40675700,0.0186566981607518,0.2944734366517366,1.1281578478265974,-0.9956354915762214,
2025-05-16,AMC,2.7899999618530273,3.190000057220459,2.6700000762939453,2.950000047683716,57868500,0.0805860905029933,0.2647441639715274,1.4822712120617072,-0.9952837729053816,
2025-05-23,AMC,2.9200000762939453,3.3399999141693115,2.8299999237060547,3.240000009536743,58751200,0.0983050702255849,0.4630483569142781,1.295632577935096,-0.9948201438696456,
2025-05-30,AMC,3.4700000286102295,4.079999923706055,3.319999933242798,3.559999942779541,129809600,0.0987654112039806,1.086248854776906,2.400457213312304,-0.9943085532489536,
2025-06-06,AMC,3.5,3.559999942779541,3.2300000190734863,3.4000000953674316,44634800,-0.0449437780853406,1.109443789231114,0.5943501710465844,-0.9945643483687172,1.0
2025-06-13,AMC,3.430000066757202,3.440000057220459,3.0799999237060547,3.1500000953674316,41943300,-0.0735294097022614,1.136472631290139,0.5604628267820575,-0.9949640286245124,
2025-06-20,AMC,3.1600000858306885,3.2300000190734863,2.9800000190734863,3.009999990463257,28942500,-0.0444444764017839,1.1243597494607824,0.5164170146850066,-0.9951878497354704,
2025-06-27,AMC,2.9600000381469727,3.0799999237060547,2.930000066757202,3.069999933242798,29887300,0.0199335358703127,0.345005658078104,0.6133529436491608,-0.9950919265655592,
2025-07-04,AMC,3.0999999046325684,3.140000104904175,2.7899999618530273,2.950000047683716,52843000,-0.0390879114555314,0.4250871703567244,1.562440617825782,-0.9952837729053816,2.0
2025-07-11,AMC,2.930000066757202,3.390000104904175,2.819999933242798,3.3299999237060547,75050100,0.1288135152135701,0.6114119396750128,1.5978326815693071,-0.9946762591147784,
2025-07-18,AMC,3.3399999141693115,3.5999999046325684,3.0799999237060547,3.5399999618530273,93209200,0.0630630759634547,0.6796126118857103,1.5783202531825489,-0.994340527638924,
2025-07-25,AMC,3.559999942779541,3.5999999046325684,3.2300000190734863,3.25,48647400,-0.0819208940615994,0.7184380984391957,0.7192049748368557,-0.9948041566746604,
2025-08-01,AMC,3.2300000190734863,3.25,2.8399999141693115,2.8499999046325684,49349500,-0.1230769524207481,0.6767955264126602,0.7277097164551961,-0.9954436452363988,2.0
2025-08-08,AMC,2.890000104904175,2.950000047683716,2.7799999713897705,2.930000066757202,46377100,0.0280702332637261,0.5435387113802903,0.7168622486174582,-0.9953157472953522,
2025-08-15,AMC,3.240000009536743,3.259999990463257,2.930000066757202,3.0,99054200,0.0238907616545791,0.3804240784961705,1.5122427343819282,-0.9952038369304556,
2025-08-22,AMC,3.009999990463257,3.0199999809265137,2.809999942779541,2.950000047683716,40733800,-0.0166666507720947,0.3903866187554514,0.6826516789609751,-0.9952837729053816,
2025-08-29,AMC,2.950000047683716,2.9700000286102295,2.799999952316284,2.809999942779541,39128100,-0.0474576619122768,0.322556915777318,0.678437315485463,-0.9955075940163396,
2025-09-05,AMC,2.799999952316284,2.809999942779541,2.6700000762939453,2.75,43124600,-0.021352293238907,0.3241041983690115,0.9418088788430128,-0.995603517186251,1.0
2025-09-12,AMC,2.75,2.869999885559082,2.7200000286102295,2.809999942779541,46028200,0.0218181610107421,0.2779981910570533,0.9585511281712208,-0.9955075940163396,
2025-09-19,AMC,2.819999933242798,3.0799999237060547,2.799999952316284,3.009999990463257,96760000,0.0711743956428283,0.3634809504866496,1.866762969103124,-0.9951878497354704,
2025-09-26,AMC,2.950000047683716,3.0399999618530273,2.799999952316284,2.890000104904175,69885000,-0.0398670717406257,0.3540466322719157,1.108941821106694,-0.9953796960752932,
2025-10-03,AMC,2.9000000953674316,3.180000066757202,2.880000114440918,3.059999942779541,97409600,0.0588234711780411,0.4640237240705939,1.3333300654440996,-0.9951079137605444,2.0
2025-10-10,AMC,3.0799999237060547,3.0799999237060547,2.7899999618530273,2.950000047683716,103884600,-0.0359476788080942,0.508607086599211,1.209236664383226,-0.9952837729053816,
2025-10-17,AMC,2.9200000762939453,2.9800000190734863,2.7100000381469727,2.740000009536743,150008300,-0.0711864524584874,0.4527423235094824,1.4254448424066912,-0.9956195043812364,
2025-10-24,AMC,2.7799999713897705,2.9200000762939453,2.619999885559082,2.690000057220459,160787600,-0.0182481577161519,0.4949506838573091,1.3697074491821666,-0.9956994403561624,
2025-10-31,AMC,2.700000047683716,2.75,2.490000009536743,2.5899999141693115,134840100,-0.0371747735776913,0.4005023678425864,1.0119309096608176,-0.9958593126871792,
2025-11-07,AMC,2.5899999141693115,2.640000104904175,2.390000104904175,2.4100000858306885,121760600,-0.0694980055226582,0.4459494675539597,0.870774869653463,-0.9961470821969134,1.0
2025-11-14,AMC,2.4200000762939453,2.5,2.25,2.2799999713897705,86162700,-0.0539419542784411,0.4824624395750539,0.6420147696081301,-0.996354916112886,
2025-11-21,AMC,2.259999990463257,2.2799999713897705,2.049999952316284,2.200000047683716,110338800,-0.0350876862762812,0.5184180687811611,0.9157961725098313,-0.9964828136727678,
2025-11-28,AMC,2.2200000286102295,2.4700000286102295,2.1700000762939453,2.450000047683716,57834800,0.1136363611733619,0.573036702441045,0.6848425996961874,-0.9960831334169724,
2025-12-05,AMC,2.4000000953674316,2.440000057220459,2.25,2.2699999809265137,70341400,-0.0734694135730235,0.5713664059373751,0.7583707551136838,-0.9963709033078711,2.0
2025-12-12,AMC,2.259999990463257,2.3399999141693115,2.0899999141693115,2.119999885559082,88290800,-0.0660793377214958,0.5033401893958477,1.0402437133066922,-0.9966107116138144,
2025-12-19,AMC,2.0799999237060547,2.109999895095825,1.7300000190734863,1.75,141108900,-0.1745282573265358,0.5570570700262699,1.553750137828861,-0.9972022382094324,
2025-12-26,AMC,1.7699999809265137,1.7699999809265137,1.6100000143051147,1.690000057220459,102407800,-0.0342856815883091,0.4630137162562974,1.2696185197745085,-0.9972981613793438,
2026-01-02,AMC,1.7000000476837158,1.7000000476837158,1.5399999618530271,1.559999942779541,76406400,-0.0769231420351128,0.3529310664905057,1.159436521699363,-0.9975059952953164,1.0
2020-01-03,GME,1.534999966621399,1.6174999475479126,1.4600000381469729,1.4700000286102295,31990000,-0.0681457737302623,,,-0.0681457737302623,0.0
2020-01-10,GME,1.4500000476837158,1.4774999618530271,1.3450000286102295,1.3574999570846558,78706400,-0.0765306594122544,,,-0.1394611921427815,
2020-01-17,GME,1.3574999570846558,1.402500033378601,1.127500057220459,1.1875,117899200,-0.1252301749237213,,,-0.2472266175793916,
2020-01-24,GME,1.1875,1.1875,1.0625,1.0800000429153442,48813600,-0.0905262796502363,,,-0.315372391309654,
2020-01-31,GME,1.0499999523162842,1.087499976158142,0.9574999809265136,0.959999978542328,46872800,-0.1111111663005948,0.600143146273242,0.7619904294558995,-0.3914421633928256,
2020-02-07,GME,0.9700000286102296,1.1024999618530271,0.9424999952316284,0.9524999856948853,49932000,-0.0078124927240423,0.6414115608292896,0.690507971742251,-0.3961965170634781,0.0
2020-02-14,GME,0.962499976158142,1.127500057220459,0.9350000023841858,1.0049999952316284,58708000,0.0551181210763402,0.5433634742959508,0.9379483925345824,-0.3629160035846668,
2020-02-21,GME,1.002500057220459,1.0750000476837158,0.9800000190734864,1.0099999904632568,29274800,0.0049751196570664,0.53218370706488,0.7137618922343295,-0.3597464344708985,
2020-02-28,GME,0.975000023841858,0.9825000166893004,0.7950000166893005,0.8999999761581421,85242800,-0.1089109062809604,0.6019212875836599,1.5660429147737158,-0.4294770305422893,
2020-03-06,GME,0.8999999761581421,1.0175000429153442,0.8475000262260437,0.9800000190734864,69778800,0.0888889389273572,0.6849073508894507,1.133055058713901,-0.3787638491535082,1.0
2020-03-13,GME,0.8974999785423279,1.162500023841858,0.8700000047683716,1.1475000381469729,91679600,0.1709183834831398,0.9866172035871152,1.3685113893604792,-0.2725831704895379,
2020-03-20,GME,0.9825000166893004,1.162500023841858,0.875,0.9399999976158142,99369200,-0.1808279160201489,1.2126672825126117,1.2482809464353004,-0.4041204398478987,
2020-03-27,GME,0.8949999809265137,1.2725000381469729,0.875,1.0549999475479126,118472000,0.1223403725784897,1.2059773760037995,1.291483069101374,-0.3312203124469839,
2020-04-03,GME,1.0549999475479126,1.0674999952316284,0.6424999833106995,0.699999988079071,72459600,-0.336492869306725,1.3526490810783398,0.7698168615663782,-0.5562599084457535,1.0
2020-04-10,GME,0.7149999737739563,1.0625,0.7074999809265137,0.9725000262260436,59882000,0.3892857754108867,1.4174927207021812,0.7969439363446746,-0.3835182028241606,
2020-04-17,GME,1.0625,1.6174999475479126,1.0399999618530271,1.2200000286102295,147504400,0.2544987102413281,1.7317695006719411,1.4320420414738553,-0.2266243805556536,
2020-04-24,GME,1.212499976158142,1.475000023841858,1.1449999809265137,1.1924999952316284,69628000,-0.0225410104374569,1.8267450478410976,0.6843671562889713,-0.2440570484656234,
2020-05-01,GME,1.212499976158142,1.5449999570846558,1.2024999856948853,1.5125000476837158,88095200,0.2683438605716148,1.758865729813668,0.9210062722191964,-0.0412043984789876,1.0
2020-05-08,GME,1.4600000381469729,1.4824999570846558,1.162500023841858,1.2450000047683716,57588000,-0.1768595269302643,1.8067621887271168,0.6124592329402937,-0.2107765349868121,
2020-05-15,GME,1.2300000190734863,1.2400000095367432,0.9900000095367432,1.0549999475479126,44667200,-0.1526104871427754,1.331613689111896,0.6214951227779932,-0.3312203124469839,
2020-05-22,GME,1.100000023841858,1.1875,1.0325000286102295,1.0449999570846558,44401200,-0.0094786644174715,1.1446087799424367,0.7490462378275533,-0.3375594506745205,
2020-05-29,GME,1.0850000381469729,1.190000057220459,1.0125000476837158,1.0149999856948853,51351600,-0.0287081077720466,0.8457421569380275,1.2012926634120198,-0.3565768653571302,
2020-06-05,GME,1.0299999713897705,1.1799999475479126,1.0049999952316284,1.034999966621399,71228400,0.0197044149836329,0.7982079350853851,1.3522036168298237,-0.3438985889020571,1.0
2020-06-12,GME,1.0700000524520874,1.3825000524520874,1.0449999570846558,1.1799999475479126,157710800,0.1400966044470943,1.1926125403051289,2.176009065974697,-0.2519810090342884,
2020-06-19,GME,1.125,1.2699999809265137,1.1050000190734863,1.2200000286102295,85656800,0.0338983752884385,1.1622660268256702,0.9620404430804802,-0.2266243805556536,
2020-06-26,GME,1.1974999904632568,1.247499942779541,1.0674999952316284,1.087499976158142,62450000,-0.1086065978236292,1.0949035220859524,0.6618161598789645,-0.3106180754232459,
2020-07-03,GME,1.087499976158142,1.1299999952316284,1.0499999523162842,1.0724999904632568,40846000,-0.0137930905965407,1.08322554451642,0.5410162721910797,-0.3201267827645507,0.0
2020-07-10,GME,1.0774999856948853,1.0950000286102295,1.0075000524520874,1.0850000381469729,40214800,0.0116550562189903,0.5572058855851989,0.5382431965764938,-0.3122028221958857,
2020-07-17,GME,1.087499976158142,1.1375000476837158,0.9850000143051147,0.9900000095367432,49391600,-0.0875576269771161,0.4848617931974456,0.8422928600494319,-0.3724247109259717,
2020-07-24,GME,0.987500011920929,1.0774999856948853,0.9424999952316284,1.0075000524520874,58862400,0.0176768108553184,0.4473773376333757,1.1443077925880305,-0.3613311812435384,
2020-07-31,GME,1.0049999952316284,1.0575000047683716,0.9800000190734864,1.002500057220459,56742400,-0.0049627741650821,0.4426416839973378,1.105915501163413,-0.3645007503573067,
2020-08-07,GME,1.0075000524520874,1.190000057220459,1.0,1.0399999618530271,92162400,0.0374063865258431,0.5652558853879923,1.5353539240372107,-0.3407290197882888,0.0
2020-08-14,GME,1.0499999523162842,1.2074999809265137,1.0449999570846558,1.1875,65443600,0.1418269649588865,0.5320186917229447,0.9850980383426824,-0.2472266175793916,
2020-08-21,GME,1.1950000524520874,1.399999976158142,1.1074999570846558,1.2575000524520874,87607200,0.0589474125912317,0.612110639449432,1.2308409497222703,-0.2028525744181472,
2020-08-28,GME,1.274999976158142,1.3925000429153442,1.1399999856948853,1.347499966621399,71940400,0.0715705053004285,0.6096293219535743,0.930212208674918,-0.1458003303703181,
2020-09-04,GME,1.4424999952316284,2.112499952316284,1.4225000143051147,1.912500023841858,384608800,0.4192950435739819,1.012225851340654,3.0224041375837247,-0.021739139713833,1.0
2020-09-11,GME,1.887500047683716,2.069999933242798,1.4674999713897705,1.5225000381469729,162016800,-0.2039215586054988,1.2356164532785294,1.198635870028208,-0.2212276190661443,
2020-09-18,GME,1.7000000476837158,2.442500114440918,1.6074999570846558,2.367500066757202,278212000,0.5550082150662372,1.4469626123834824,1.3188936003432885,0.0,
2020-09-25,GME,2.3375000953674316,2.7925000190734863,2.0950000286102295,2.505000114440918,273990000,0.0580781600027793,1.7027459576642796,1.0437011452644211,-0.0511363579919846,
2020-10-02,GME,2.5399999618530273,2.690000057220459,2.325000047683716,2.3475000858306885,107902000,-0.0628742600458449,1.4966342903258028,0.4483779010903742,-0.110795457367644,1.0
2020-10-09,GME,2.359999895095825,3.700000047683716,2.2750000953674316,3.005000114440918,657021600,0.2800851989649942,2.0605336584209057,2.331960767865927,-0.1089695580649106,
2020-10-16,GME,2.9149999618530273,3.775000095367432,2.8499999046325684,3.327500104904175,384572800,0.1073211241867981,1.9595377946414545,1.0925869536410178,-0.0375993858971772,
2020-10-23,GME,3.359999895095825,3.9674999713897705,3.3450000286102295,3.75,191418000,0.1269721658229647,1.7284150045530935,0.5609325148772539,0.0,
2020-10-30,GME,3.7325000762939458,3.862499952316284,2.5899999141693115,2.617500066757202,170834400,-0.3019999821980794,1.8616471711754172,0.494974923556929,-0.3019999821980794,
2020-11-06,GME,2.7049999237060547,3.0425000190734863,2.625,2.9649999141693115,114851200,0.1327602057495351,0.9548795694648476,0.3756299513501411,-0.2093333562215169,2.0
2020-11-13,GME,3.190000057220459,3.2325000762939453,2.7074999809265137,2.752500057220459,91370800,-0.0716694310624921,0.8659936805953645,0.526561812057003,-0.2659999847412109,
2020-11-20,GME,2.7899999618530273,3.365000009536743,2.680000066757202,3.177500009536743,159220800,0.154405065751555,0.9496814189760484,1.1742938053719958,-0.1526666641235351,
2020-11-27,GME,3.2249999046325684,4.184999942779541,3.1675000190734863,4.019999980926514,152586400,0.2651455448815567,0.9458972788035668,1.4211678775424332,0.0,
2020-12-04,GME,4.542500019073486,4.855000019073486,3.8450000286102295,4.224999904632568,271154000,0.0509950061389818,0.8118538463519938,1.632471842452531,0.0,2.0
2020-12-11,GME,4.25,4.375,3.255000114440918,3.327500104904175,251680800,-0.2124259928963112,1.0954799248967124,1.2729180940241358,-0.2142857142857142,
2020-12-18,GME,3.3350000381469727,4.074999809265137,3.0350000858306885,3.9075000286102295,195502800,0.1743050053856447,1.0962498535451717,0.8845399153739393,-0.0773317814827079,
2020-12-25,GME,3.952500104904175,5.587500095367432,3.819999933242798,5.037499904632568,290485200,0.2891874261672735,1.3585034671749514,1.4347516498712285,-0.0204180886011206,
2021-01-01,GME,5.327499866485596,5.492499828338623,4.639999866485596,4.710000038146973,124257600,-0.0650123816745725,1.358364293068965,0.6435064221598177,-0.1024297113851631,100.0
2021-01-08,GME,4.75,4.862500190734863,4.269999980926514,4.422500133514404,134606000,-0.0610403189605232,1.1769545598293216,0.6035112627587154,-0.1572176880917017,
2021-01-15,GME,4.852499961853027,10.765000343322754,4.752500057220459,8.875,1228216800,1.0067834329147547,2.4701679020041563,3.3832362912752663,-0.110498618498443,
2021-01-22,GME,10.387499809265137,19.190000534057617,9.015000343322754,16.252500534057617,1446274000,0.831267665809309,2.8806425928667556,2.757449057682927,0.0,
2021-01-29,GME,24.1825008392334,120.75,15.282500267028809,81.25,2236962400,3.999230723280896,6.530453201176992,2.1008353151023575,-0.0647751406666146,
2021-02-05,GME,79.13999938964844,80.5,12.772500038146973,15.942500114440918,1208144400,-0.8037846139761118,7.516134352196897,0.848142916524996,-0.8164944932067633,69.0
2021-02-12,GME,18.102500915527344,18.165000915527344,11.630000114440918,13.100000381469728,466461600,-0.1782969868318471,7.428914108834076,0.3035503198102592,-0.8492129721350484,
2021-02-19,GME,13.164999961853027,13.375,9.625,10.147500038146973,224722400,-0.2253816990340807,7.472539807666114,0.2206318156003496,-0.8831976086675505,
2021-02-26,GME,11.672499656677246,46.16999816894531,10.0,25.434999465942383,1410623600,1.5065286395985122,5.535703129040271,1.6620062938686548,-0.7072314609516223,
2021-03-05,GME,26.135000228881836,37.88249969482422,24.99250030517578,34.435001373291016,664766000,0.3538432119646668,3.948612812816317,0.7974533626860142,-0.6036373007325413,27.0
2021-03-12,GME,38.72249984741211,87.125,36.525001525878906,66.125,913575600,0.9202845175806744,4.028341480406228,1.1591696404260836,-0.2388708452502141,
2021-03-19,GME,69.37999725341797,70.75,43.087501525878906,50.067501068115234,449788400,-0.2428355225993916,4.060232273759477,0.5289294070345468,-0.4237000413095115,
2021-03-26,GME,51.314998626708984,54.73249816894531,29.225000381469727,45.25,548246000,-0.0962201221419295,3.004762979084199,0.7599747992655166,-0.4791516937250992,
2021-04-02,GME,45.1875,51.07500076293945,43.377498626708984,47.86249923706055,179460800,0.0577347897692941,2.965839054968366,0.385619624838492,-0.449080626260625,12.0
2021-04-09,GME,42.75,48.75,38.25,39.59000015258789,178267600,-0.1728388449483044,2.4174055329283353,0.4080774222695987,-0.544300894477382,
2021-04-16,GME,39.52750015258789,43.522499084472656,33.0,38.67250061035156,230800400,-0.0231750325511517,2.470634200977839,0.6962257001863174,-0.5548617360813994,
2021-04-23,GME,42.95000076293945,43.79999923706055,36.17499923706055,37.79499816894531,109466000,-0.0226906051472493,0.9594717339191868,0.4051168248657499,-0.5649621926639085,
2021-04-30,GME,37.744998931884766,47.0,37.189998626708984,43.397499084472656,133790400,0.1482339247771336,1.0386253663850458,0.7543876440416328,-0.5004748310560412,
2021-05-07,GME,44.372501373291016,44.372501373291016,37.95000076293945,40.27750015258789,71805200,-0.0718935191590586,1.0116326771171131,0.4849262921377709,-0.5363874533599456,10.0
2021-05-14,GME,40.32749938964844,42.48749923706055,34.125,39.97999954223633,101559200,-0.0073862729619393,0.9003451378810606,0.915009210969424,-0.5398118221780088,
2021-05-21,GME,39.962501525878906,47.29999923706055,39.75,44.1974983215332,104638400,0.1054902157975603,0.994725064689317,1.0138336880816603,-0.4912664719920809,
2021-05-28,GME,43.962501525878906,67.19999694824219,43.337501525878906,55.5,271797600,0.2557271815757993,1.288135628895615,2.3030829528460495,-0.3611694807015029,
2021-06-04,GME,58.369998931884766,73.5,56.76750183105469,62.09000015258789,149129200,0.11873874148807,1.426762032808688,1.2254766114427766,-0.2853155488158291,11.0
2021-06-11,GME,64.5,86.16500091552734,51.532501220703125,58.334999084472656,301923600,-0.0604767443853633,1.7176776596477508,1.5825371107545263,-0.3285373376862879,
2021-06-18,GME,59.125,59.502498626708984,52.0,53.45500183105469,115712800,-0.0836547069513351,1.664999496721191,0.54325898688106,-0.3847083499309049,
2021-06-25,GME,54.23749923706055,56.86249923706055,49.25,52.377498626708984,133726000,-0.0201572007751709,1.517959540519263,0.6674747499242258,-0.3971109072566339,
2021-07-02,GME,52.8125,56.11249923706055,49.125,50.70750045776367,60960800,-0.0318838854991394,1.2553516662656143,0.3686391943271209,-0.4163333540583434,5.0
2021-07-09,GME,51.0,51.192501068115234,44.38999938964844,47.807498931884766,45792000,-0.0571907804506047,0.5872499969347459,0.4365897940054033,-0.4497137050627335,
2021-07-16,GME,47.85499954223633,49.4375,39.502498626708984,42.2599983215332,62138000,-0.1160382938721714,0.5883798582877292,0.7493435285506621,-0.5135679878684924,
2021-07-23,GME,40.82500076293945,48.877498626708984,40.30500030517578,45.09000015258789,41985600,0.0669664444736308,0.5749649229174074,0.5787390020683125,-0.4809933655378913,
2021-07-30,GME,45.09000015258789,46.5099983215332,39.717498779296875,40.279998779296875,44773200,-0.1066755679089291,0.5849638285070636,0.8647977786262473,-0.5363586930176387,
2021-08-06,GME,40.5,40.897499084472656,36.30500030517578,37.942501068115234,92567200,-0.0580312259687325,0.6176872826845957,1.52270297595545,-0.5632643664715705,4.0
2021-08-13,GME,37.95000076293945,41.724998474121094,37.665000915527344,40.630001068115234,28602000,0.0708308604953411,0.6104924665539042,0.496707153484171,-0.532330005739774,
2021-08-20,GME,40.25,42.470001220703125,37.69499969482422,39.82500076293945,26206800,-0.019812953089177,0.4917500246546991,0.5339513044783537,-0.5415959293972675,
2021-08-27,GME,40.595001220703125,56.75,39.88750076293945,51.23749923706055,153302800,0.2865661834397603,1.0932320776530982,2.303053656590552,-0.4102328244113921,
2021-09-03,GME,51.25,57.86000061035156,49.709999084472656,50.6875,63394800,-0.0107343107148119,1.0860092515202568,0.927388770637094,-0.4165635685235573,4.0
2021-09-10,GME,51.5625,52.474998474121094,44.5,47.602500915527344,72896000,-0.0608631138736898,1.093848171162567,1.214404835474952,-0.4520733264905673,
2021-09-17,GME,48.4375,54.13750076293945,47.875,51.24250030517578,63160800,0.0764665578413152,1.0933885274264743,0.7370386236085888,-0.4101752598178588,
2021-09-24,GME,50.0,50.712501525878906,46.02750015258789,46.290000915527344,48801200,-0.0966482775070251,0.4919606923848359,0.5949295427398392,-0.4671808049874912,
2021-10-01,GME,46.47999954223633,48.01250076293945,41.6974983215332,44.227500915527344,39449200,-0.0445560587428757,0.4933675788573711,0.6532455929477687,-0.4909211283398002,3.0
2021-10-08,GME,43.98749923706055,44.23749923706055,41.45249938964844,43.16999816894531,22757600,-0.023910524553531,0.4578123457768617,0.4459550365147974,-0.5030934712003153,
2021-10-15,GME,43.25,47.54999923706055,43.25,45.81999969482422,34881600,0.06138525916791,0.4169426366934586,0.8690241067554038,-0.4725907351477201,
2021-10-22,GME,45.73500061035156,48.04499816894531,41.95000076293945,42.45000076293945,44559600,-0.0735486458823664,0.4182902912382953,1.3009182463534494,-0.5113809724034197,
2021-10-29,GME,42.35499954223633,46.4375,41.814998626708984,45.877498626708984,34866800,0.0807419976953656,0.4289898404507945,1.0030623500012934,-0.4719288960033048,
2021-11-05,GME,45.63249969482422,63.92250061035156,45.51250076293945,53.3125,99243200,0.1620620477543322,0.554437516480176,2.1503174388139903,-0.3863486115297094,4.0
2021-11-12,GME,53.125,56.2599983215332,49.125,50.525001525878906,29280000,-0.0522860206165738,0.6032388421302276,0.5544431651197429,-0.4184340006786562,
2021-11-19,GME,50.96500015258789,57.34749984741211,50.42250061035156,57.20000076293945,32289200,0.1321127963477966,0.605079482541354,0.6469937912149268,-0.3416016902475128,
2021-11-26,GME,57.6150016784668,63.04999923706055,49.79999923706055,49.93000030517578,41045200,-0.1270979084055186,0.860255386238555,0.977130913899102,-0.4252827383147827,
2021-12-03,GME,51.0,51.977500915527344,39.76250076293945,43.09749984741211,45472000,-0.1368415865412162,0.8348519718401756,1.073259711917371,-0.5039279602164113,3.0
2021-12-10,GME,41.5,45.494998931884766,37.0,39.752498626708984,65693600,-0.0776147394291129,0.9131662240522984,1.542535076711178,-0.5424304623222831,
2021-12-17,GME,40.08250045776367,40.22249984741211,32.375,38.90999984741211,84943200,-0.021193605644975,1.1087962081939702,1.4981557058416513,-0.552128010658978,
2021-12-24,GME,38.29750061035156,40.0625,36.505001068115234,38.03499984741211,21446000,-0.0224877924294876,0.8858169183329611,0.4611008014904774,-0.5621996629902607,
2021-12-31,GME,38.0,40.0,35.0,37.09749984741211,31752000,-0.0246483503026434,0.8643833298434304,0.5674420688581565,-0.5729907190594921,
2022-01-07,GME,37.307498931884766,40.07749938964844,30.28499984741211,35.154998779296875,99335200,-0.0523620480114577,0.9150540038745616,1.6892315612592128,-0.5953497995294369,4.0
2022-01-14,GME,33.747501373291016,34.20000076293945,28.0049991607666,29.162500381469727,62981600,-0.1704593544561915,0.761984803586934,1.0391951293546922,-0.6643262114822176,
2022-01-21,GME,28.27750015258789,28.799999237060547,23.18000030517578,26.59000015258789,58437200,-0.0882126084948612,0.7325999960418985,1.207648692832323,-0.6939368719707236,
2022-01-28,GME,24.7549991607666,29.75,21.572500228881836,24.477500915527344,103741600,-0.079447131438055,0.8084462324724283,1.3689000267594131,-0.7182527095316078,
2022-02-04,GME,24.467500686645508,29.162500381469727,23.770000457763672,25.584999084472656,59298400,0.0452455572473402,0.911349252346105,0.6881924002059567,-0.7055048963714371,3.0
2022-02-11,GME,25.747499465942383,32.94499969482422,24.6924991607666,31.0625,68470000,0.2140903307224111,1.0007900629054889,0.9248073097957242,-0.6424563422394673,
2022-02-18,GME,30.732500076293945,33.212501525878906,29.037500381469727,30.38249969482422,37492400,-0.0218913579131037,1.0022654193297995,0.5207180999368277,-0.6502834584210634,
2022-02-25,GME,29.549999237060547,31.427499771118164,26.030000686645508,29.645000457763672,27415600,-0.0242738169824184,0.9700134150405012,0.6064740736863022,-0.6587724137470747,
2022-03-04,GME,30.25,31.572500228881836,27.645000457763672,27.915000915527344,26378400,-0.0583572108457584,0.8359951676027486,0.5812353302417294,-0.6786855039444261,4.0
2022-03-11,GME,28.75,28.75,23.17250061035156,23.17250061035156,41130000,-0.1698907451060778,0.8058695257856685,1.023618713791593,-0.7332738630926914,
2022-03-18,GME,23.357500076293945,24.362499237060547,19.395000457763672,22.697500228881836,92350000,-0.020498451567956,0.9586073419765884,2.187228023409823,-0.7387413358919939,
2022-03-25,GME,22.5,39.540000915527344,22.440000534057617,37.98749923706055,264216800,0.6736424211474483,1.5345579345065867,3.261704956311056,-0.5627464168565288,
2022-04-01,GME,37.994998931884766,49.852500915527344,37.8849983215332,41.25,271716000,0.0858835361227612,1.755140935090523,1.9203486868230055,-0.5251935329538198,3.0
2022-04-08,GME,41.744998931884766,43.310001373291016,35.39250183105469,36.54750061035156,76295200,-0.1139999852035986,1.712426676570145,0.4422742619686851,-0.5793214631716572,
2022-04-15,GME,35.7599983215332,39.125,35.15250015258789,37.692501068115234,35843600,0.0313291042791405,1.578752698872718,0.2599544690411624,-0.5661419814233656,
2022-04-22,GME,37.5,38.279998779296875,33.88750076293945,34.55500030517578,36952000,-0.0832393891100404,1.1697852436589535,0.2553802374940735,-0.6022560578501771,
2022-04-29,GME,33.852500915527344,34.9275016784668,30.125,31.267499923706055,29759200,-0.0951381957006468,0.6440443672207146,0.3871742978862507,-0.6400966988571738,
2022-05-06,GME,30.912500381469727,31.9375,27.5575008392334,28.674999237060547,38313200,-0.0829135905643657,0.6144495080059066,0.9029906101593508,-0.6699375738108938,3.0
2022-05-13,GME,27.69499969482422,27.69499969482422,19.4424991607666,24.59749984741211,110619600,-0.142197018243632,1.035871197564667,2.3902029841043153,-0.7168714666492436,
2022-05-20,GME,24.700000762939453,25.602500915527344,22.4375,23.915000915527344,56279200,-0.0277466789762608,1.1475521762825571,0.9994578168789148,-0.7247273431731466,
2022-05-27,GME,24.142499923706055,37.1150016784668,21.674999237060547,34.3025016784668,143871200,0.4343508411155923,1.6506240341958602,1.9123242746322344,-0.6051624331442791,
2022-06-03,GME,34.3025016784668,34.98249816894531,28.88999938964844,33.42499923706055,80229200,-0.0255812957792841,1.691237593057813,1.0612757541542053,-0.6152628897267881,2.0
2022-06-10,GME,33.82500076293945,38.25,30.78499984741211,32.272499084472656,83908400,-0.0344801848584648,1.575250366081266,0.8182147363092381,-0.62852869641092,
2022-06-17,GME,30.127500534057617,33.96500015258789,28.575000762939453,33.78499984741211,59632400,0.0468665521991495,1.503737256394704,0.630227759252249,-0.6111191171707762,
2022-06-24,GME,34.55500030517578,37.092498779296875,32.88249969482422,33.8025016784668,44028800,0.0005180355522786,1.0854956677916003,0.5945209374714837,-0.6109176630478692,
2022-07-01,GME,34.11750030517578,34.26250076293945,29.440000534057617,30.854999542236328,36518000,-0.0871977513459636,0.8670123961358283,0.5313848120865059,-0.6448447679185275,3.0
2022-07-08,GME,30.375,33.875,28.342500686645508,32.1349983215332,59538000,0.0414843233928663,0.8754122140486829,1.2839680686184485,-0.6301113934161913,
2022-07-15,GME,32.13999938964844,37.98749923706055,31.162500381469727,35.40999984741211,68938800,0.1019138539579249,0.7898059213862196,1.214857890842758,-0.5924146199841085,
2022-07-22,GME,36.25,40.407501220703125,34.93000030517578,35.779998779296875,54721400,0.0104489955797559,0.8081920217179933,0.9378087553184254,-0.5881557621499494,
2022-07-29,GME,35.0,35.5099983215332,32.099998474121094,34.0099983215332,21999800,-0.04946899156374,0.8062093617259074,0.402244032117304,-0.6085292812777284,
2022-08-05,GME,33.79999923706055,40.43000030517578,33.77000045776367,40.02000045776367,27625900,0.1767128030825355,0.6049293035929071,0.5816581717649494,-0.539351393247581,2.0
2022-08-12,GME,41.290000915527344,47.9900016784668,38.630001068115234,40.7400016784668,40636500,0.0179910347942897,0.6945282410515591,0.9615796728416004,-0.5310638481355571,
2022-08-19,GME,39.75,45.529998779296875,34.66999816894531,36.4900016784668,56309600,-0.1043200742489498,0.7199204500273885,1.5266330660014324,-0.5799833023160725,
2022-08-26,GME,34.310001373291016,36.20000076293945,30.6299991607666,30.940000534057617,25278800,-0.1520964891510078,0.714591068072216,0.6830402227343152,-0.6438663674185982,
2022-09-02,GME,30.479999542236328,32.75,26.93000030517578,27.36000061035156,24483900,-0.1157078171270656,0.6484775871189722,0.655065571048887,-0.6850738126501246,2.0
2022-09-09,GME,25.75,29.079999923706055,23.420000076293945,28.920000076293945,41556900,0.0570175230680427,0.8098389058910405,1.4308054361729208,-0.6671175014981723,
2022-09-16,GME,29.030000686645508,30.34000015258789,26.649999618530273,28.63999938964844,21423700,-0.0096819047685627,0.741985494126197,0.6239530319476,-0.6703404381477883,
2022-09-23,GME,28.34000015258789,29.649999618530273,24.059999465942383,25.040000915527344,18378000,-0.1256982734232273,0.7794434931488486,0.6531430462378912,-0.7117780758900689,
2022-09-30,GME,24.65999984741211,27.690000534057617,24.1200008392334,25.1299991607666,17824100,0.0035941789915612,0.8354373358354372,0.6647908230538626,-0.7107421547055257,
2022-10-07,GME,25.13999938964844,27.829999923706055,24.209999084472656,25.350000381469727,15911500,0.008754525588946,0.6741470536890566,0.723172958342251,-0.7082098394970918,2.0
2022-10-14,GME,25.3700008392334,26.88999938964844,23.90999984741211,24.6299991607666,16687600,-0.0284024145904718,0.6611032400125597,0.9496376712591847,-0.7164973846091157,
2022-10-21,GME,25.3700008392334,27.739999771118164,24.06999969482422,25.299999237060547,21078100,0.0272026024816598,0.6853486228739983,1.1912295424710626,-0.7087853756601267,
2022-10-28,GME,25.0,28.790000915527344,24.11000061035156,28.170000076293945,25276600,0.1134387717699731,0.7433672195464412,1.3381083747633975,-0.6757503463535575,
2022-11-04,GME,31.219999313354492,34.9900016784668,25.34000015258789,26.510000228881836,40841400,-0.0589279319459093,0.6911370562918527,1.6152135863872328,-0.6948577078771196,1.0
2022-11-11,GME,26.25,26.299999237060547,21.88999938964844,26.100000381469727,26556700,-0.0154658560495004,0.8170278712987937,0.9711722418752504,-0.6995769946417068,
2022-11-18,GME,26.299999237060547,28.700000762939453,25.61000061035156,27.600000381469727,17761600,0.0574712635278333,0.7552553699366739,0.6258985308125492,-0.6823113049309365,
2022-11-25,GME,26.65999984741211,27.829999923706055,24.700000762939453,26.170000076293945,12543900,-0.0518116045438848,0.7511711373537338,0.5755746256536655,-0.6987712659679177,
2022-12-02,GME,25.790000915527344,27.8700008392334,24.90999984741211,27.520000457763672,20393900,0.0515857996765014,0.6727261979788077,1.00062692711054,-0.6832321408373325,1.0
2022-12-09,GME,27.309999465942383,27.479999542236328,21.969999313354492,22.6299991607666,38329900,-0.1776889976619731,0.8570832546142176,1.7018765940527831,-0.739518304223476,
2022-12-16,GME,22.65999984741211,23.700000762939453,20.010000228881836,20.799999237060547,30485400,-0.0808661065652494,0.8270250830158964,1.2450853794513066,-0.7605824447924373,
2022-12-23,GME,20.549999237060547,21.31999969482422,18.5,20.079999923706055,19491100,-0.0346153528732648,0.7756873116146806,0.734836430110796,-0.7688699679500014,
2022-12-30,GME,19.90999984741211,19.989999771118164,16.979999542236328,18.459999084472656,16017300,-0.0806773329376788,0.8150783009011474,0.7137985571770327,-0.7875169224975955,
2023-01-06,GME,18.63999938964844,19.260000228881836,15.40999984741211,16.459999084472656,19964100,-0.1083423672367497,0.7732110294467639,0.9377742961554149,-0.8105378421119558,1.0
2023-01-13,GME,16.649999618530273,21.11000061035156,16.25,20.489999771118164,27702900,0.2448360213122469,0.749167178093914,1.139044998589703,-0.7641506811854144,
2023-01-20,GME,20.489999771118164,22.149999618530273,18.81999969482422,19.61000061035156,19123600,-0.0429477389261375,0.8450242296379716,1.0020345350303688,-0.7742798761557705,
2023-01-27,GME,19.5,23.309999465942383,19.3700008392334,22.81999969482422,28496100,0.1636919420990834,0.9847267243234504,1.1552446343158025,-0.7373313107128631,
2023-02-03,GME,22.5,24.399999618530273,20.549999237060547,22.25,25187800,-0.0249780763561315,0.9569782854844238,0.9644212689326948,-0.7438922692902422,1.0
2023-02-10,GME,21.8799991607666,24.8799991607666,19.049999237060547,19.270000457763672,28048600,-0.1339325636960149,1.01845077072665,1.0100916563738294,-0.7781934342465686,
2023-02-17,GME,19.299999237060547,22.420000076293945,19.010000228881836,21.989999771118164,18913400,0.1411520108323938,0.9856689505674012,0.7447737633657925,-0.7468849914746442,
2023-02-24,GME,21.329999923706055,21.829999923706055,19.530000686645508,19.540000915527344,10404800,-0.1114142283352211,0.9295024923708212,0.5429858998062888,-0.7750856048295596,
2023-03-03,GME,19.61000061035156,19.700000762939453,17.6200008392334,18.700000762939453,16718200,-0.0429887468388185,0.7397989607908986,0.7910490126845063,-0.7847543928239478,1.0
2023-03-10,GME,18.520000457763672,19.5,16.850000381469727,17.25,13966500,-0.0775401445872203,0.5413060322081558,0.8288585196908447,-0.8014445683261429,
2023-03-17,GME,16.770000457763672,17.40999984741211,15.529999732971191,16.600000381469727,19766500,-0.0376811373061027,0.4596868373569835,1.240263510358072,-0.8089263628099179,
2023-03-24,GME,16.649999618530273,27.0,16.25,23.979999542236328,107036600,0.4445782524803283,1.3804673488361876,3.4764775616292063,-0.7239791790928909,
2023-03-31,GME,23.989999771118164,24.010000228881836,22.11000061035156,23.020000457763672,21811800,-0.0400333237197023,1.3736105438999242,0.5439245252219409,-0.7350292099696432,
2023-04-07,GME,22.940000534057617,23.850000381469727,21.229999542236328,22.399999618530273,13841000,-0.0269331375718674,1.3652302699824177,0.4196908556610377,-0.7421657047100572,1.0
2023-04-14,GME,21.850000381469727,23.280000686645508,21.81999969482422,22.459999084472656,10973500,0.0026785476323289,1.3274898317192847,0.2704006139663218,-0.741475083268875,
2023-04-21,GME,22.270000457763672,22.68000030517578,20.059999465942383,20.489999771118164,12418100,-0.087711460091573,0.4145380270869409,0.4746452527229118,-0.7641506811854144,
2023-04-28,GME,20.149999618530273,20.40999984741211,18.649999618530273,19.290000915527344,12666300,-0.058565098535642,0.3579788756427439,0.8868768831293178,-0.7779632197813546,
2023-05-05,GME,19.15999984741211,20.8799991607666,18.059999465942383,20.420000076293945,13857900,0.0585795286228845,0.4244609254496191,1.109701065154765,-0.7649564098592034,1.0
2023-05-12,GME,20.459999084472656,21.15999984741211,20.09000015258789,20.690000534057617,9724000,0.013222353416008,0.4291617142759659,0.7897673406295308,-0.7618485804421944,
2023-05-19,GME,20.6200008392334,23.299999237060547,20.489999771118164,22.059999465942383,14485600,0.0662155097400614,0.4562995677925592,1.1558380000769712,-0.7460792628008551,
2023-05-26,GME,22.100000381469727,24.36000061035156,21.989999771118164,23.25,16695400,0.0539438151798152,0.5359147292525137,1.2176285311649568,-0.7323818094830621,
2023-06-02,GME,23.350000381469727,24.93000030517578,23.299999237060547,24.63999938964844,16448700,0.059784919984879,0.5430199530967728,1.3806250181979287,-0.7163822773765088,1.0
2023-06-09,GME,24.530000686645508,26.549999237060547,20.100000381469727,22.68000030517578,55743200,-0.0795454193597128,0.8914985224536868,2.6173083934779404,-0.7389427680604411,
2023-06-16,GME,22.850000381469727,27.649999618530273,22.739999771118164,24.559999465942383,41481000,0.0828923781071364,1.0065096376049516,1.332148665529774,-0.7173031132829049,
2023-06-23,GME,24.40999984741211,25.100000381469727,23.68000030517578,23.700000762939453,9806000,-0.0350162345970528,0.9230527157168918,0.3763343796157482,-0.7272020937880471,
2023-06-30,GME,23.3799991607666,25.469999313354492,22.90999984741211,24.25,14064900,0.0232067181162543,0.9371549258495832,0.4450121970951587,-0.720871349675882,
2023-07-07,GME,24.290000915527344,25.11000061035156,22.670000076293945,22.709999084472656,8901500,-0.0635051923928803,0.935170188600078,0.3848013605273625,-0.73859746831708,1.0
2023-07-14,GME,22.61000061035156,24.440000534057617,22.0,22.969999313354492,12208500,0.0114487115527714,0.42870877003647,0.6814291540362017,-0.735604746132678,
2023-07-21,GME,22.8799991607666,23.799999237060547,22.15999984741211,22.18000030517578,12042700,-0.0343926439614395,0.4320340007914006,0.97687992410398,-0.7446979979640312,
2023-07-28,GME,22.420000076293945,23.489999771118164,21.790000915527344,21.93000030517578,12144600,-0.0112714155347266,0.3701060806970371,0.9920518162912644,-0.7475756129158263,
2023-08-04,GME,22.0,22.3799991607666,20.34000015258789,20.979999542236328,10891000,-0.0433196876297006,0.3222618147854615,0.9127848408182424,-0.7585105585144313,1.0
2023-08-11,GME,20.899999618530273,21.239999771118164,19.81999969482422,20.190000534057617,8757500,-0.0376548629845441,0.302139340025613,0.7860359333651944,-0.7676038103457845,
2023-08-18,GME,19.75,20.010000228881836,18.13999938964844,18.36000061035156,12721100,-0.0906389239871047,0.3123617292154468,1.1238251622881414,-0.7886679509147457,
2023-08-25,GME,18.299999237060547,18.81999969482422,16.18000030517578,17.1299991607666,16603900,-0.0669935407786138,0.3992673690291331,1.406437839686022,-0.8028258331629667,
2023-09-01,GME,17.350000381469727,19.420000076293945,17.25,18.420000076293945,14411100,0.0753065369951611,0.4354952762256934,1.1263080103498604,-0.7879773294735637,1.0
2023-09-08,GME,18.450000762939453,19.479999542236328,17.350000381469727,17.709999084472656,19599000,-0.0385451134028517,0.5003008226797417,1.6269884087902764,-0.7961497673529806,
2023-09-15,GME,17.850000381469727,18.61000061035156,16.899999618530273,18.219999313354492,20980400,0.0287973040794213,0.5224228940021138,1.1990513587272893,-0.7902794302167836,
2023-09-22,GME,17.989999771118164,18.100000381469727,16.649999618530273,17.18000030517578,13419600,-0.0570800794386658,0.4723841176646655,0.7258981728550931,-0.8022502969999319,
2023-09-29,GME,17.0,18.100000381469727,16.399999618530273,16.459999084472656,17418200,-0.0419092670496759,0.4688259574608807,0.9577980843458398,-0.8105378421119558,
2023-10-06,GME,16.299999237060547,16.309999465942383,14.4399995803833,15.079999923706056,17596600,-0.083839564855651,0.4807996108291053,0.9340354305735928,-0.826422266985902,1.0
2023-10-13,GME,14.770000457763672,16.190000534057617,14.720000267028809,14.920000076293944,12294000,-0.0106100695107155,0.4807804289433532,0.7554147861269846,-0.8282639387986941,
2023-10-20,GME,14.8100004196167,14.93000030517578,12.899999618530272,13.4399995803833,20866600,-0.0991957431865021,0.5029066488310734,1.298096760541556,-0.8452994250214803,
2023-10-27,GME,13.279999732971191,14.300000190734863,13.020000457763672,13.119999885559082,13009200,-0.0238095018463604,0.4936957327026821,0.7701530825648059,-0.8489827686470643,
2023-11-03,GME,13.149999618530272,14.399999618530272,12.59000015258789,13.869999885559082,18013400,0.0571646346449674,0.5703055497784808,1.1562029634127045,-0.8403499237916793,1.0
2023-11-10,GME,13.989999771118164,14.050000190734863,12.350000381469728,12.539999961853027,12846900,-0.0958904062494477,0.5468308984912258,0.8062555657856303,-0.8556588344570504,
2023-11-17,GME,12.5,13.5,11.829999923706056,13.029999732971191,20467600,0.0390749419943186,0.625120689050122,1.244376625129026,-0.8500187117860674,
2023-11-24,GME,13.0,13.199999809265137,12.18000030517578,12.199999809265137,9596300,-0.0636991512444791,0.6038296052280577,0.7512673197943038,-0.8595723925478485,
2023-12-01,GME,12.18000030517578,17.559999465942383,11.890000343322754,15.300000190734863,108992200,0.2540983958963236,1.0788229509352802,3.63904649269006,-0.8238899627546981,1.0
2023-12-08,GME,15.289999961853027,17.40999984741211,13.5600004196167,15.550000190734863,77252200,0.0163398690773475,1.2713461739953784,1.599970222160902,-0.821012347802903,
2023-12-15,GME,15.449999809265137,17.8799991607666,14.84000015258789,17.260000228881836,36128600,0.1099678467634899,1.2694658428520127,0.633926668525777,-0.8013294610935359,
2023-12-22,GME,17.239999771118164,18.59000015258789,16.450000762939453,16.969999313354492,25657500,-0.0168019068181746,1.270044798510796,0.4220157769663764,-0.8046675049757588,
2023-12-29,GME,16.979999542236328,18.3700008392334,16.81999969482422,17.530000686645508,15991200,0.0329994929846768,0.8996058571879523,0.3968476172608124,-0.7982216316765268,
2024-01-05,GME,17.25,17.600000381469727,15.899999618530272,15.960000038146973,13912300,-0.0895607864804347,0.6983725143075268,0.4935055640883689,-0.816293061038316,2.0
2024-01-12,GME,15.779999732971191,16.1200008392334,14.729999542236328,14.75,14800100,-0.0758145385498044,0.4931564831441883,0.6138437890692833,-0.8302207178440931,
2024-01-19,GME,14.600000381469728,14.770000457763672,13.710000038146973,14.510000228881836,12589600,-0.0162711709232654,0.4750616357059627,0.835010069231972,-0.8329832255632812,
2024-01-26,GME,14.5,15.15999984741211,13.81999969482422,14.489999771118164,15540300,-0.0013783912783035,0.4506093825447352,0.9247545760744948,-0.8332134400284952,
2024-02-02,GME,14.5,14.920000076293944,14.020000457763672,14.729999542236328,11646200,0.0165631314637106,0.4497300278217377,0.7879728404406536,-0.8304509323093071,2.0
2024-02-09,GME,14.5,15.229999542236328,13.399999618530272,14.65999984741211,14770700,-0.0047521858112419,0.5351613913649081,1.0186575121571706,-0.8312566609830961,
2024-02-16,GME,14.579999923706056,15.220000267028809,13.770000457763672,14.119999885559082,13745600,-0.0368349227471752,0.512894139986027,0.9677367986168464,-0.8374723088398842,
2024-02-23,GME,13.960000038146973,14.050000190734863,13.119999885559082,13.510000228881836,9644800,-0.0432011091799729,0.4723716244079399,0.8906252277412084,-0.8444936853704613,
2024-03-01,GME,13.3100004196167,15.09000015258789,13.199999809265137,14.949999809265137,15053000,0.1065876799398459,0.5091841094404976,1.1161014013633015,-0.8279186280781031,1.0
2024-03-08,GME,14.93000030517578,15.890000343322754,14.520000457763672,14.649999618530272,16620100,-0.0200669026463091,0.3904703164175139,1.158004807277988,-0.8313717682157031,
2024-03-15,GME,14.640000343322754,15.199999809265137,14.09000015258789,14.239999771118164,14407500,-0.0279863384360443,0.3812014054776368,1.0128814092140397,-0.8360910549802901,
2024-03-22,GME,14.25,14.300000190734863,13.010000228881836,13.100000381469728,19101200,-0.080056138200269,0.3949545525785037,1.2385365287162724,-0.8492129721350484,
2024-03-29,GME,13.420000076293944,15.630000114440918,12.470000267028809,12.520000457763672,54006900,-0.0442748020470656,0.885035360164671,2.947202635171256,-0.8558890379450345,
2024-04-05,GME,12.630000114440918,12.670000076293944,10.899999618530272,11.25,28973300,-0.101437732534278,0.8836186666388957,1.000910601986878,-0.8705073271692235,1.0
2024-04-12,GME,11.300000190734863,11.390000343322754,10.729999542236328,10.770000457763672,17677300,-0.0426666259765625,0.9062786473172456,0.577813161968345,-0.8760323426075997,
2024-04-19,GME,10.8100004196167,10.84000015258789,9.949999809265137,10.420000076293944,15983200,-0.0324977127756225,0.9326201761786108,0.5161096340325829,-0.8800610079310047,
2024-04-26,GME,10.40999984741211,12.1899995803833,10.010000228881836,11.899999618530272,23191300,0.1420345039731241,0.6216783617253944,0.977138448571987,-0.8630255326854485,
2024-05-03,GME,11.84000015258789,17.450000762939453,10.699999809265137,16.469999313354492,54288400,0.3840336001110427,1.3118740434459102,2.220978724868099,-0.8104227348793488,12.0
2024-05-10,GME,14.989999771118164,20.200000762939453,13.619999885559082,17.459999084472656,159693600,0.0601092782265897,1.350870188072243,3.3394353015397327,-0.7990273823047757,
2024-05-17,GME,26.34000015258789,64.83000183105469,19.700000762939453,22.209999084472656,698268100,0.2720504151815344,3.9054048041303977,4.477313280632275,-0.7443526982206701,
2024-05-24,GME,21.540000915527344,23.399999618530273,17.700000762939453,19.0,221611300,-0.1445294559564756,3.9788442801133783,0.8396426924941032,-0.7813012636635775,
2024-05-31,GME,23.100000381469727,26.65999984741211,20.100000381469727,23.13999938964844,178576700,0.217894704718339,4.032059296801765,0.7131851644071752,-0.733647967087279,
2024-06-07,GME,40.189998626708984,48.0,25.200000762939453,28.219999313354492,776367000,0.2195332782065053,4.5815150965294205,1.8911468685375312,-0.6751748321449823,12.0
2024-06-14,GME,28.969999313354492,33.70000076293945,22.790000915527344,28.700000762939453,615925200,0.0170092651050426,3.0764226215908983,1.2740867365738793,-0.6696497947521465,
2024-06-21,GME,28.549999237060547,29.18000030517578,23.510000228881836,23.93000030517578,191917600,-0.1662021021240951,3.017158005211234,0.5139980804637532,-0.724554693301466,
2024-06-28,GME,23.260000228881836,26.690000534057617,22.549999237060547,24.690000534057617,122043300,0.031759307111979,2.8150485014243736,0.2766737600875389,-0.7158067412134739,
2024-07-05,GME,23.350000381469727,25.079999923706055,22.309999465942383,24.18000030517578,68004100,-0.0206561449109056,2.6387472903012044,0.2095652263959309,-0.721677078349671,2.0
2024-07-12,GME,24.1200008392334,26.88999938964844,23.850000381469727,26.049999237060547,72832300,0.0773365967032058,0.8334369357297812,0.339538451531639,-0.7001525308047416,
2024-07-19,GME,25.979999542236328,29.790000915527344,24.850000381469727,24.969999313354492,96238900,-0.0414587314908468,0.5986852043195974,0.8476832795799977,-0.7125838265183178,
2024-07-26,GME,24.84000015258789,25.979999542236328,23.36000061035156,24.1299991607666,46962900,-0.0336403754780497,0.5303443206441404,0.5440851766936916,-0.7222526145127058,
2024-08-02,GME,24.229999542236328,24.3799991607666,20.43000030517578,21.06999969482422,42892800,-0.1268130780094551,0.539402894506112,0.6403982105618713,-0.7574746153754283,1.0
2024-08-09,GME,18.829999923706055,22.170000076293945,18.729999542236328,21.93000030517578,35080900,0.0408163560895928,0.5634715448261464,0.5722558963247869,-0.7475756129158263,
2024-08-16,GME,21.979999542236328,22.84000015258789,21.450000762939453,22.399999618530273,20855400,0.0214317969363437,0.4305280207293149,0.4913331985848385,-0.7421657047100572,
2024-08-23,GME,22.350000381469727,23.100000381469727,21.959999084472656,22.209999084472656,18716200,-0.0084821668434511,0.3894210752922976,0.5929779976022532,-0.7443526982206701,
2024-08-30,GME,22.25,23.479999542236328,19.8799991607666,23.420000076293945,40227900,0.0544800108824508,0.5587910269540792,1.4423249848258144,-0.730425030437663,
2024-09-06,GME,24.149999618530273,24.690000534057617,21.65999984741211,23.920000076293945,47036600,0.0213492740551315,0.5964606769282169,1.9233269482696012,-0.7246698005340729,1.0
2024-09-13,GME,23.239999771118164,25.020000457763672,19.309999465942383,20.649999618530273,79754900,-0.1367057043199773,0.746050257010476,1.9070841226144957,-0.7623090093726224,
2024-09-20,GME,20.450000762939453,22.030000686645508,19.420000076293945,21.850000381469727,93838800,0.0581114181649975,0.8697326141869584,1.5765547047989297,-0.7484964488222222,
2024-09-27,GME,21.540000915527344,23.100000381469727,21.229999542236328,22.479999542236328,45424600,0.0288329130328477,0.7932888122779338,0.6480260515768739,-0.7412448688036611,
2024-10-04,GME,22.299999237060547,23.63999938964844,21.11000061035156,21.399999618530273,32976000,-0.0480427022107767,0.6847786489679553,0.489466410717234,-0.7536761645172373,1.0
2024-10-11,GME,21.350000381469727,21.530000686645508,20.299999237060547,20.829999923706055,22854900,-0.0266355002329372,0.5277009918474381,0.4236162278802061,-0.7602371230946163,
2024-10-18,GME,20.75,21.75,20.459999084472656,21.219999313354492,24070600,0.0187229664463217,0.2887848649008059,0.561839869912033,-0.7557480507952432,
2024-10-25,GME,21.100000381469727,21.43000030517578,20.350000381469727,20.56999969482422,18805100,-0.0306314627503879,0.280032562523574,0.7226936365023369,-0.7632298452790184,
2024-11-01,GME,20.84000015258789,24.540000915527344,20.729999542236328,22.40999984741211,46441900,0.089450665040645,0.4790107909033244,1.7284718330519944,-0.7420505974774502,2.0
2024-11-08,GME,22.200000762939453,25.38999938964844,21.8799991607666,24.8799991607666,38269600,0.1102186224976582,0.507196948004994,1.289555898292757,-0.7136197696573208,
2024-11-15,GME,25.260000228881836,28.59000015258789,24.6299991607666,26.59000015258789,97049800,0.068729945719524,0.617119708414237,2.288147846904774,-0.6939368719707236,
2024-11-22,GME,26.649999618530273,29.799999237060547,25.709999084472656,27.899999618530273,57846100,0.0492666212269607,0.6173515417488082,1.0269179861058748,-0.6788581757705664,
2024-11-29,GME,28.049999237060547,32.119998931884766,27.959999084472656,29.049999237060547,61116500,0.0412186248836532,0.567846460763835,1.215737511426748,-0.6656211513832012,
2024-12-06,GME,28.959999084472656,30.8700008392334,26.149999618530273,29.059999465942383,81840300,0.0003442419671073,0.6530240485880339,1.1151213045423902,-0.6655060441505942,2.0
2024-12-13,GME,29.0,30.15999984741211,26.850000381469727,27.989999771118164,65627100,-0.036820361819973,0.626173287799166,0.8756626684657046,-0.6778222326315634,
2024-12-20,GME,27.700000762939453,31.8799991607666,27.270000457763672,29.81999969482422,72540300,0.0653804908421031,0.7294495353096001,1.0150066792816987,-0.6567580920626022,
2024-12-27,GME,29.81999969482422,34.369998931884766,29.780000686645508,32.20000076293945,44324600,0.0798122432083165,0.7368261486271565,0.7927703139617086,-0.629363185427016,
2025-01-03,GME,31.799999237060547,32.880001068115234,30.3700008392334,31.649999618530273,32429900,-0.0170807804775645,0.6716224340532232,0.5989163674533645,-0.6356939514936409,1.0
2025-01-10,GME,31.700000762939453,34.400001525878906,30.760000228881836,32.310001373291016,39358300,0.0208531362627357,0.6229568264446241,0.8285257895551337,-0.6280970278227991,
2025-01-17,GME,31.600000381469727,31.799999237060547,27.020000457763672,27.510000228881836,36798500,-0.1485608461897835,0.6261754251241707,0.7096162696256956,-0.6833472480699395,
2025-01-24,GME,27.399999618530273,29.260000228881836,26.329999923706055,27.770000457763672,24233000,0.0094511169290674,0.5264766804238393,0.6816954029277338,-0.6803545258855376,
2025-01-31,GME,26.920000076293945,28.229999542236328,26.649999618530273,26.899999618530273,19266600,-0.0313288017606127,0.4978814670820161,0.5226310578492047,-0.6903686355777465,
2025-02-07,GME,25.56999969482422,26.540000915527344,24.530000686645508,24.729999542236328,21427200,-0.0806691489615905,0.4519339872071392,0.7096544329210076,-0.7153463342375058,1.0
2025-02-14,GME,25.5,28.969999313354492,25.299999237060547,27.0,41134500,0.0917913667522214,0.487937624109467,1.479653558549383,-0.6892175852061365,
2025-02-21,GME,27.030000686645508,27.59000015258789,25.760000228881836,26.420000076293945,23586000,-0.0214814786557797,0.5214518793512773,1.0611990540210556,-0.6958936510161227,
2025-02-28,GME,26.34000015258789,26.38999938964844,23.829999923706055,25.040000915527344,24531100,-0.0522331247835553,0.5445588830970257,0.866991783363515,-0.7117780758900689,
2025-03-07,GME,25.260000228881836,25.479999542236328,23.440000534057617,24.0,19527600,-0.0415335813698968,0.53307355843057,0.6861752578927978,-0.7237489646276769,1.0
2025-03-14,GME,23.440000534057617,23.579999923706055,21.559999465942383,23.049999237060547,21962300,-0.0395833651224771,0.4877678224536874,0.8111128465029026,-0.734683910226282,
2025-03-21,GME,23.239999771118164,24.809999465942383,22.969999313354492,24.75,16979300,0.0737527470372378,0.4901919922299251,0.7891954895201729,-0.7151161197722918,
2025-03-28,GME,25.350000381469727,29.799999237060547,21.15999984741211,21.729999542236328,209578100,-0.1220202205157038,1.0154665081831742,4.6524628254833615,-0.7498777136590462,
2025-04-04,GME,21.399999618530273,23.850000381469727,20.729999542236328,23.489999771118164,73298400,0.080994029726551,1.1160127740955854,0.980500891531086,-0.729619301763874,1.0
2025-04-11,GME,22.600000381469727,26.440000534057617,22.399999618530273,26.399999618530273,69479600,0.123882497904068,1.1382176114863407,0.794337517140682,-0.6961238654813366,
2025-04-18,GME,26.65999984741211,27.3799991607666,25.68000030517578,26.780000686645508,31094100,0.0143939800608372,1.1413901741800818,0.4061908644776312,-0.6917498784601107,
2025-04-25,GME,26.709999084472656,28.25,25.790000915527344,27.459999084472656,39684100,0.0253920231662365,0.6606805642856768,0.4414200190043447,-0.6839227842329744,
2025-05-02,GME,27.399999618530273,28.350000381469727,26.790000915527344,27.479999542236328,30065200,0.0007283488139291,0.593760046509305,0.589923903457633,-0.6836925697677605,1.0
2025-05-09,GME,27.329999923706055,27.729999542236328,25.670000076293945,27.540000915527344,31697400,0.0021834561241094,0.3666050265434628,0.8069783071045187,-0.6830019263721187,
2025-05-16,GME,28.059999465942383,29.38999938964844,27.290000915527344,28.450000762939453,48181600,0.0330428401292843,0.3003486676795273,1.3255784261873256,-0.6725274097039414,
2025-05-23,GME,27.75,33.209999084472656,27.690000534057617,33.029998779296875,69709200,0.1609841087358978,0.5014056737263091,1.7354688236123088,-0.6198095266196947,
2025-05-30,GME,33.970001220703125,35.810001373291016,29.190000534057617,29.799999237060547,104565000,-0.0977898777356566,0.7065453208654604,2.233777061230267,-0.6569883065278161,
2025-06-06,GME,29.8700008392334,31.049999237060547,29.229999542236328,29.579999923706055,31533300,-0.0073825274827822,0.6961565499129162,0.4814902761039532,-0.6595205997817902,1.0
2025-06-13,GME,29.920000076293945,30.600000381469727,21.540000915527344,22.13999938964844,268024200,-0.2515213168778624,1.0776177515823149,2.638182652581071,-0.7451584268944591,
2025-06-20,GME,22.770000457763672,23.950000762939453,22.40999984741211,23.459999084472656,91026600,0.0596205840656611,1.0994097137669216,0.8676534327857827,-0.7299646234616949,
2025-06-27,GME,23.030000686645508,24.260000228881836,22.450000762939453,23.59000015258789,54037600,0.0055413927190337,0.8819571645094625,0.438307928448309,-0.728468251392264,
2025-07-04,GME,23.63999938964844,24.5,23.489999771118164,23.59000015258789,30742200,-1.1102230246251563e-16,0.8888670088929836,0.3374877589434774,-0.728468251392264,1.0
2025-07-11,GME,23.479999542236328,24.049999237060547,22.530000686645508,23.329999923706055,52823600,-0.0110216289614273,0.881862964054478,0.4538060757988932,-0.7314609735766661,
2025-07-18,GME,23.440000534057617,23.850000381469727,23.1299991607666,23.280000686645508,36765100,-0.0021431306139758,0.3137690881865198,0.6465974670708133,-0.7320364877852411,
2025-07-25,GME,23.280000686645508,24.84000015258789,23.049999237060547,23.329999923706055,51458500,0.0021477334873634,0.3263443447684982,1.0868381827934868,-0.7314609735766661,
2025-08-01,GME,23.350000381469727,23.559999465942383,21.920000076293945,22.100000381469727,47145600,-0.0527217979536511,0.2865970703323106,1.0280860113088328,-0.7456188338704273,1.0
2025-08-08,GME,22.25,23.1299991607666,22.06999969482422,22.270000457763672,24155200,0.007692311011745,0.2586966458749499,0.5680287828939866,-0.7436620548250282,
2025-08-15,GME,22.290000915527344,23.209999084472656,22.290000915527344,22.940000534057617,25161600,0.0300853193768289,0.2455051693419456,0.6612723809490841,-0.7359500458760392,
2025-08-22,GME,22.940000534057617,23.18000030517578,22.3700008392334,22.88999938964844,24670600,-0.0021796487901101,0.1970246996109143,0.7799808347853007,-0.736525582039074,
2025-08-29,GME,22.86000061035156,22.899999618530273,22.270000457763672,22.40999984741211,30414400,-0.0209698363929792,0.1988707619143873,1.0968842348983627,-0.7420505974774502,
2025-09-05,GME,22.36000061035156,23.729999542236328,22.18000030517578,22.61000061035156,36053500,0.0089246213432057,0.2681629740382468,1.5722945744838908,-0.7397484967342302,1.0
2025-09-12,GME,22.65999984741211,25.43000030517578,22.559999465942383,24.93000030517578,96612300,0.1026094485712683,0.2957342701160425,2.329085004023093,-0.7130442334942859,
2025-09-19,GME,25.0,26.469999313354492,24.989999771118164,26.079999923706055,44704900,0.0461291457863126,0.3128502120772627,0.8733539852422461,-0.6998072091069206,
2025-09-26,GME,26.0,27.34000015258789,25.270000457763672,26.420000076293945,40095200,0.0130368157048514,0.3835215069734093,0.7258579134429667,-0.6958936510161227,
2025-10-03,GME,27.200000762939453,28.100000381469727,25.15999984741211,25.3799991607666,47700800,-0.0393641526314949,0.4325550671729791,0.8450068549974196,-0.7078645397537306,1.0
2025-10-10,GME,25.549999237060547,25.829999923706055,23.280000686645508,23.299999237060547,51072600,-0.0819542944241467,0.436759340271532,1.0205592411926094,-0.7318062952744869,
2025-10-17,GME,23.479999542236328,23.799999237060547,22.86000061035156,23.06999969482422,28017200,-0.0098712253119092,0.414091095838404,0.6506898788123893,-0.734453695761068,
2025-10-24,GME,23.1200008392334,23.829999923706055,22.239999771118164,23.299999237060547,38233700,0.0099696378534379,0.3988401249244033,0.9323034437802792,-0.7318062952744869,
2025-10-31,GME,24.5,24.540000915527344,22.290000915527344,22.290000915527344,34538800,-0.0433475688671577,0.3147825068063168,0.8462006356531209,-0.7434318403598142,
2025-11-07,GME,22.25,22.420000076293945,20.950000762939453,21.5,27569000,-0.0354419418160285,0.3012509733533505,0.8078780976452545,-0.7525251141456273,1.0
2025-11-14,GME,21.670000076293945,21.809999465942383,20.40999984741211,20.65999984741211,25225500,-0.0390697745389717,0.2892803408314583,0.8014214702885939,-0.7621939021400154,
2025-11-21,GME,20.56999969482422,20.84000015258789,19.93000030517578,20.13999938964844,25438800,-0.0251694318298267,0.1948476488398252,0.8641013175520446,-0.7681793465088194,
2025-11-28,GME,20.190000534057617,22.75,20.1200008392334,22.530000686645508,23806000,0.1186693827918123,0.2835046974563622,1.1152171930803605,-0.7406693326406262,
2025-12-05,GME,22.149999618530273,23.469999313354492,22.11000061035156,23.0,39964700,0.0208610430106679,0.261819595734126,1.379920375021938,-0.735259424434857,1.0
2025-12-12,GME,23.030000686645508,24.0,21.09000015258789,21.229999542236328,36033300,-0.0769565416418988,0.3292102044955203,1.1233852485751286,-0.7556329435626362,
2025-12-19,GME,21.36000061035156,23.170000076293945,21.079999923706055,22.510000228881836,30034300,0.0602920732098459,0.3609382776247808,0.896444743339611,-0.7408995471058402,
2025-12-26,GME,22.520000457763672,22.780000686645508,20.959999084472656,21.09000015258789,16467000,-0.0630830769371557,0.3750387947885786,0.6128555388656999,-0.7572444009102144,
2026-01-02,GME,21.040000915527344,21.290000915527344,19.989999771118164,20.079999923706055,16997400,-0.0478900057645519,0.348101298921493,0.9016167798275726,-0.7688699679500014,1.0
2020-01-03,NVDA,5.941884868219942,5.970754146575928,5.826157991152776,5.875186443328857,442920000,-0.0160059685763273,,,-0.0160059685763273,3.0
2020-01-10,NVDA,5.781857764502028,6.185782829312582,5.755726032004728,6.080508708953857,1426008000,0.0349473616889453,,,0.0,
2020-01-17,NVDA,6.163633534107025,6.296283564365258,6.085735040956248,6.20395040512085,1480016000,0.0203012119668899,,,-0.0107152397029429,
2020-01-24,NVDA,6.167365397745973,6.458299843381298,6.13650479111519,6.233814716339111,1075184000,0.004813757246288,,,-0.0094124051134925,
2020-01-31,NVDA,5.929192787115326,6.20370064856638,5.779619081655654,5.884146213531494,1701284000,-0.0560922194063804,0.298850881407333,1.1339094092452866,-0.0649766618271052,
2020-02-07,NVDA,5.865978044936921,6.327640533447266,5.8597562708457405,6.261441707611084,1143364000,0.0641206863982988,0.319838548587823,0.7812110356732667,-0.0104618499559608,5.0
2020-02-14,NVDA,6.284088443035795,7.341059519682939,6.279110833313493,7.212142467498779,3112748000,0.1518341628465649,0.4087915182725369,1.9008072061809775,0.0,
2020-02-21,NVDA,7.108859159403147,7.872405915479174,7.089447146414117,7.318661212921143,2892728000,0.0147693623500071,0.50500708756686,1.714221103189851,-0.0655543799144734,
2020-02-28,NVDA,6.724346724805658,7.015032728613473,6.021143174384864,6.725381851196289,4699812000,-0.0810639192694718,0.6516710443275859,1.7317885833664235,-0.141304204222798,
2020-03-06,NVDA,6.89546430619151,7.094433875085668,6.424808655737229,6.62502384185791,3196684000,-0.0149222767656722,0.7160251862971938,0.9589350079895158,-0.1541179005449044,6.0
2020-03-13,NVDA,5.974076456092532,6.501508712768555,5.373928754039136,5.997485160827637,3146148000,-0.094722478893644,1.0088590717926176,0.8564659151045599,-0.2342419498570509,
2020-03-20,NVDA,5.289510107058595,5.735512835022554,4.499359716733076,5.123661994934082,4005020000,-0.1456982622651405,1.2312128978930703,1.0726301912034686,-0.3458115670784211,
2020-03-27,NVDA,5.122665029285088,6.5523092762191855,4.943617068293397,6.29357385635376,3873888000,0.2283350975486682,1.3476418543863369,1.0512495524625105,-0.196437387432062,
2020-04-03,NVDA,6.35906683290393,6.8581118150438165,5.9364753864927104,6.073936462402344,3548100000,-0.0348986758500781,1.3680498812599944,0.9932188960574144,-0.2244806585733123,4.0
2020-04-10,NVDA,6.356078940367916,6.929081612249947,6.2985542597634785,6.548076629638672,2580412000,0.0780614302061366,1.272531530870167,0.8723173569611977,-0.163942509629024,
2020-04-17,NVDA,6.4883109339869005,7.4458062782420305,6.399907656900976,7.279458522796631,2580244000,0.1116941560896664,0.8941040475288109,0.7468230659476337,-0.0705597737995934,
2020-04-24,NVDA,7.152954622799317,7.308843270603872,6.6516692364294805,7.211475372314453,2444392000,-0.0093390394724113,0.7240099355259421,0.7759421463620643,-0.0792398527593258,
2020-05-01,NVDA,7.345947247032464,7.5753002202015,6.993579026001482,7.041889667510986,2019464000,-0.0235160901269279,0.6442203406889978,0.732948968765394,-0.1008925313671208,5.0
2020-05-08,NVDA,6.994574375281932,7.788213162222441,6.994574375281932,7.78198766708374,1722864000,0.1050993461296798,0.4908352507059291,0.7453186896873595,-0.0063969243134934,
2020-05-15,NVDA,7.777006721824612,8.467300485063323,7.565087945015073,8.457589149475098,3177944000,0.0868160566803541,0.501342681441168,1.4048375736158678,0.0,
2020-05-22,NVDA,8.726284047612651,9.057488103343829,8.646596579808966,8.990998268127441,3879148000,0.063068695963488,0.397918871940193,1.5425364590181814,0.0,
2020-05-29,NVDA,9.120985080699214,9.145888005091251,7.96552100558724,8.840836524963379,3426824000,-0.0167013426858704,0.4338297586172341,1.4433764836861227,-0.0167013426858702,
2020-06-05,NVDA,8.79875319671636,8.965952278985723,8.624185501823682,8.8892183303833,2052664000,0.0054725370481978,0.4073311527081711,0.6453226612238497,-0.0113202043542755,5.0
2020-06-12,NVDA,8.846613453118048,9.467216327764026,8.655774627427663,8.9016752243042,2642964000,0.0014013486290829,0.4540191395616917,0.8136930209943921,-0.0463607194834823,
2020-06-19,NVDA,8.78482847245151,9.412406059960434,8.713574447455072,9.229290008544922,2122592000,0.0368037224438653,0.4017339821402277,0.7171174658861867,-0.0112632440917851,
2020-06-26,NVDA,9.26790387634944,9.609223760973585,9.093511154968905,9.123407363891602,2191104000,-0.0114724582882635,0.3837079717324937,0.9120055721743118,-0.0390213203456137,
2020-07-03,NVDA,9.13810678244257,9.703898234807523,8.869287056151329,9.57908058166504,1400844000,0.0499455082513238,0.3945855203238335,0.7861988547048737,0.0,6.0
2020-07-10,NVDA,9.708131608857562,10.61847696084942,9.678982404276317,10.443084716796877,2031396000,0.0901969795290784,0.3055651228678787,0.9572190972862696,-0.0028310450972034,
2020-07-17,NVDA,10.558438359648576,10.755007091244169,9.751731237272898,10.166292190551758,2014984000,-0.0265048626676289,0.3581789053343331,0.9794980198061763,-0.0292608713033252,
2020-07-24,NVDA,10.238792265552878,10.565910768554447,9.743263823986268,10.15932273864746,1814132000,-0.0006855451106131,0.3644131057349647,0.9277078853828122,-0.0300877223970535,
2020-07-31,NVDA,10.196938356220194,10.72934616378924,10.174017538937305,10.578119277954102,1543236000,0.0412228797214486,0.3464460928586737,0.8296649606725921,0.0,
2020-08-07,NVDA,10.695461367823762,11.465051190793494,10.678270838116555,11.16085433959961,1559812000,0.0550887210035517,0.3395335630538624,0.8584256574521483,-0.0119974352296284,8.0
2020-08-14,NVDA,11.295136986086272,11.6813005005482,10.75849467047517,11.524092674255373,1987616000,0.0325457463741789,0.3442570975920742,1.1656640207684457,0.0,
2020-08-21,NVDA,11.81035296440147,12.764548088001415,11.77647084788185,12.639730453491213,3668628000,0.0968091641373343,0.3921767748728843,1.8396166426899587,0.0,
2020-08-28,NVDA,12.839290026426893,13.10262689195199,12.464338144000836,13.102377891540527,1955648000,0.0366026348229229,0.3963646010865851,0.8655807133575845,0.0,
2020-09-04,NVDA,13.137257437320155,14.68032165588462,11.667848528156505,12.5827054977417,4294980000,-0.0396624489158072,0.5622978653615819,1.6214165471742432,-0.1201686933335218,13.0
2020-09-11,NVDA,11.69750413983094,13.024058312072276,11.667349913206706,12.126148223876951,2867540000,-0.0362845076479528,0.6254895951227084,1.128089736930948,-0.1520929391091699,
2020-09-18,NVDA,13.039759537676474,13.273021054817024,11.950953315876442,12.1508207321167,3976656000,0.0020346533610042,0.6346616404517692,1.1270468668364872,-0.1503677421579092,
2020-09-25,NVDA,11.887403420828344,12.842881933702188,11.866967870062911,12.833162307739258,3333764000,0.0561560071262519,0.6596415511388107,0.9295793980395232,-0.102655787031835,
2020-10-02,NVDA,12.999134676986603,13.719357377715982,12.709799993239775,13.021066665649414,2961952000,0.014642093149312,0.5434764554995037,0.7874494822344618,-0.0895167894785592,7.0
2020-10-09,NVDA,13.194269071030488,14.09741250205041,13.181060496314409,13.71935749053955,2408116000,0.053627774346036,0.4321083035170643,0.7235942647936235,-0.040689601318861,
2020-10-16,NVDA,13.945392496427578,14.303261347469595,13.72434388516162,13.767953872680664,1565064000,0.003542176240733,0.3682624067331521,0.5577607508917443,-0.0372915548171645,
2020-10-23,NVDA,13.859166394923228,13.93941224406965,13.190030400350476,13.547403335571287,1270840000,-0.0160191223146821,0.3140733421327256,0.5654599248289307,-0.0527132991539259,
2020-10-30,NVDA,13.384668685989434,13.6495807863933,12.261222419524849,12.494484901428224,1700836000,-0.0777210516334471,0.4011422993031039,0.9286081123478536,-0.1263374177420612,
2020-11-06,NVDA,12.617844058143817,14.542755669985285,12.355922756739838,14.516090393066406,1685156000,0.1617998266905018,0.4586576037249282,1.067256442922861,0.0,7.0
2020-11-13,NVDA,14.5066202611926,14.645181976540904,12.5884348209487,13.25507926940918,2343912000,-0.086869886416493,0.5801927962876496,1.4005205376741037,-0.0868698864164931,
2020-11-20,NVDA,13.13096916459676,13.60646550624664,13.023808681876831,13.04648780822754,2143752000,-0.0157367192562204,0.5784865318772376,1.1435486097842549,-0.1012395586583575,
2020-11-27,NVDA,13.12972325050562,13.365230096581229,12.844377993357543,13.219440460205078,1135048000,0.0132566445866351,0.5167385681342009,0.7187307807545149,-0.0893250109189642,
2020-12-04,NVDA,13.22318004895571,13.630389717182007,12.931352638422045,13.519495964050291,1269024000,0.0226980487372732,0.4266353490227032,0.6758328656704187,-0.0686544656329872,6.0
2020-12-11,NVDA,13.562375529143036,13.6920040861094,12.786347593211344,12.976054191589355,1313492000,-0.0401968959424229,0.2199735483369952,0.7954457408031841,-0.1060916651643783,
2020-12-18,NVDA,13.050592977464667,13.425514976759326,13.033142001811628,13.234066009521484,1259736000,0.0198836883788109,0.2281569864439322,0.8844253170266256,-0.0883174703952849,
2020-12-25,NVDA,13.037376221302102,13.331782198420145,12.90176852813386,12.956610679626465,764940000,-0.0209652369646184,0.199876279306598,0.7520790670544155,-0.1074311106649504,
2021-01-01,NVDA,13.025163617065004,13.175982669365196,12.726769309604906,13.01768684387207,800756000,0.0047138997810316,0.2018137688907054,0.8568491075114587,-0.1032236303729581,6.0
2021-01-08,NVDA,13.06679413090848,13.613477268003743,12.55002633699992,13.238802909851074,2217832000,0.016985818496862,0.3421637352589327,1.6918929888007792,-0.0879911497261981,
2021-01-15,NVDA,13.380395567585644,13.921096308910435,12.81177708254526,12.822745323181152,1580748000,-0.0314271304968466,0.369072226381443,1.0831282086676155,-0.1166529708780318,
2021-01-22,NVDA,12.979047751298369,13.959237226928826,12.807290266575198,13.673306465148926,1069360000,0.0663322182988472,0.4070027211858734,0.906241825286662,-0.0580586029086754,
2021-01-29,NVDA,13.742355199735265,13.788971635384137,12.757181781831775,12.952619552612305,1286232000,-0.0527075813281546,0.4267043612076013,0.8287304806770711,-0.1077060557022221,
2021-02-05,NVDA,13.015937580665542,13.891929046731676,12.865867488405556,13.552154541015623,1053544000,0.0462867751166522,0.3132882668836862,0.719989801333367,-0.0664046465645601,7.0
2021-02-12,NVDA,13.688014429574338,15.247544255487185,13.688014429574338,14.918487548828123,2033120000,0.1008203532270302,0.3967065604041092,1.4847645387046895,-0.0189827280603923,
2021-02-19,NVDA,15.021190889000872,15.328560224455654,14.533339769901213,14.88383674621582,1102308000,-0.002322675304644,0.3808485960420201,0.9550749578772594,-0.0263366661293067,
2021-02-26,NVDA,14.732517382218266,15.08999311954116,13.178474888234955,13.675299644470217,2491352000,-0.0811979546908744,0.5032390131281859,1.5584361101787505,-0.1053961373971051,
2021-03-05,NVDA,13.835341784593728,13.885199062295472,11.645866892554002,12.425881385803224,2111076000,-0.0913631358104983,0.5422569907410704,1.136499375448077,-0.1871299515926898,6.0
2021-03-12,NVDA,12.414414640051222,13.01345151976136,11.533439801994518,12.82367706298828,1993192000,0.032013477743281,0.6105958598182,0.95918476296754,-0.1611071543898228,
2021-03-19,NVDA,12.83240859533205,13.4785258278595,12.580791371714232,12.813454627990724,1331084000,-0.0007971531837044,0.6266866739961127,0.6746698009113057,-0.1617758804924878,
2021-03-26,NVDA,12.880285290303776,13.360823620782522,12.241147031908534,12.806968688964844,1424804000,-0.0005061819169133,0.5507300642936678,0.7773306147100251,-0.1622001743841032,
2021-04-02,NVDA,12.78801675063455,13.835130162239196,12.668069335591795,13.777027130126951,1096776000,0.0757445781840602,0.5242528083113621,0.8285399984256718,-0.0987413799901478,6.0
2021-04-09,NVDA,13.832635263043771,14.435116472853124,13.677027574965956,14.363797187805176,1138288000,0.0425904697824903,0.3370947379427341,0.8166526563334422,-0.0603563519684092,
2021-04-16,NVDA,14.253823650541044,16.173487680774556,14.103701731984684,15.872495651245115,2864724000,0.1050347929390722,0.3923187739803642,1.811064571470158,-0.0139274633894268,
2021-04-23,NVDA,15.497442582385334,15.767761220893382,14.746334039888772,15.226872444152832,1460616000,-0.0406755951476124,0.423859997336811,0.8402672144068877,-0.0540365506747777,
2021-04-30,NVDA,15.146823331502622,15.631102358075225,14.959295227808386,14.971763610839844,946892000,-0.0167538563318663,0.4101084427403391,0.5741703553036801,-0.0698850863999691,
2021-05-07,NVDA,15.086975219605256,15.208419014072376,13.97502610446178,14.775010108947754,1323968000,-0.0131416382869977,0.4286799837163022,0.808535118312502,-0.0821083201598427,6.0
2021-05-14,NVDA,14.750071681096928,14.76877473037972,13.425162054864115,14.20719051361084,1401916000,-0.0384310799891122,0.3622025387046871,1.0235731247765942,-0.1173838887291204,
2021-05-21,NVDA,14.121407897860808,15.183730127808582,13.509200522328284,14.954058647155762,1741820000,0.0525697274791525,0.3528396404002428,1.366172289603815,-0.070985000290901,
2021-05-28,NVDA,15.1742545652697,16.236580858728214,15.137846351089925,16.203662872314453,2586676000,0.0835628811310276,0.4090204862710703,1.6288559690599864,0.0,
2021-06-04,NVDA,16.229098796505948,17.616594160834808,15.863270065401704,17.534053802490234,2264100000,0.0821043328696311,0.4015569299377086,1.465279469855635,0.0,9.0
2021-06-11,NVDA,17.527070892104806,17.898247503293362,17.13674801084878,17.784507751464844,1985340000,0.014283858815298,0.3218692559692395,0.9146262789871448,0.0,
2021-06-18,NVDA,17.865076259269316,19.330718581922177,17.54431057593765,18.59615135192871,2650044000,0.0456376758809651,0.315353793566174,1.1111221675854988,-0.0009916575959404,
2021-06-25,NVDA,18.39311488047978,19.37561602544948,17.78201553321056,18.98750877380371,2184172000,0.0210450761810137,0.2995472547408322,0.8669260036834476,-0.0090857239553263,
2021-07-02,NVDA,19.317000214420624,20.458383806119546,19.274847095565143,20.440174102783203,2012536000,0.0765063677539241,0.2765614794714258,0.8701244471269206,0.0,11.0
2021-07-09,NVDA,20.69010404345961,20.827291472702445,19.65572366995776,20.00442695617676,1665060000,-0.0213181719693431,0.2995012646218032,0.9427061576693916,-0.0313186092066691,
2021-07-16,NVDA,20.193738078118493,20.485818358359275,18.03169525755164,18.11949348449707,2231580000,-0.0942258169058762,0.3560183610439843,0.9915328153749414,-0.1225934045756911,
2021-07-23,NVDA,17.8743037047261,19.841548769491073,17.824666134451522,19.51329803466797,2074262000,0.0769229311715271,0.3961190725655362,0.9668625030567716,-0.0551007174264233,
2021-07-30,NVDA,19.26686406834247,19.80762698019667,18.698167007898192,19.454437255859375,1029275000,-0.0030164444116017,0.3581934981733345,0.5288620832694293,-0.0579509535868688,
2021-08-06,NVDA,19.65497762771269,20.685617395724258,19.17607297987363,20.31945419311523,1140496000,0.0444637347192005,0.3601756487967631,0.6640919676033878,-0.0160639346946797,9.0
2021-08-13,NVDA,20.399267299813797,20.46112586521887,19.38559215044887,20.141860961914062,846321000,-0.0087400591331504,0.2610785694131151,0.5851548339376007,-0.0246635940886877,
2021-08-20,NVDA,20.088984173742237,20.81730896141307,18.719117056246247,20.768421173095703,2143670000,0.0311073645263657,0.3211254240155337,1.8236321495638843,0.0,
2021-08-27,NVDA,20.92307581798072,22.670072471614382,20.902123900449563,22.58426856994629,1763469000,0.0874330976686332,0.3707834366916295,1.2440753610545547,0.0,
2021-09-03,NVDA,22.777820284558313,22.990332802808872,22.07333584482094,22.79481506347656,1192563000,0.0093227058860987,0.3682091210247005,0.8079352779673217,0.0,7.0
2021-09-10,NVDA,22.784827906016428,22.850688646263823,21.9306343212819,22.430580139160156,897773000,-0.0159788497209616,0.3653797867503482,0.7373571656932224,-0.0159788497209617,
2021-09-17,NVDA,22.63614966425448,22.915559708547303,21.78394589381782,21.853797912597656,1114329000,-0.0257141020421282,0.32219406336745,0.7336242343487808,-0.0412820699908493,
2021-09-24,NVDA,21.10138606708794,22.48745799648261,20.618407956637256,22.0344181060791,1289064000,0.0082649338208316,0.2720993604462347,1.0347117432441997,-0.0333583297464791,
2021-10-01,NVDA,21.664199253926697,21.753012198242896,20.16037968568149,20.698244094848633,1268665000,-0.0606403130229171,0.304025972437941,1.057561327892986,-0.091975783211648,7.0
2021-10-08,NVDA,20.460745149157145,21.27701913068914,19.51374772206686,20.787050247192383,1330296000,0.004290516235909,0.371294522722909,1.063216744357126,-0.0880798905669193,
2021-10-15,NVDA,20.53159470850479,21.88473450421562,20.467728645028984,21.815879821777344,976757000,0.0494937743619454,0.3967203894989931,0.8018455325740821,-0.0429455224345178,
2021-10-22,NVDA,21.70311955926144,23.081205703653463,21.59833961734775,22.678058624267575,934217000,0.0395206982039557,0.3558394481710792,0.8173065344787916,-0.0051220612619077,
2021-10-29,NVDA,22.924540415911828,25.654767902179135,22.721969506473112,25.5130672454834,1488830000,0.1250110808948215,0.3781119458125067,1.2824574127979012,0.0,
2021-11-05,NVDA,25.59489035924364,31.333757862133087,25.173779738453483,29.68923568725586,2804653000,0.1636874312911853,0.4774716569853532,2.0761652691565566,-0.001644181435277,16.0
2021-11-12,NVDA,30.08540230696262,32.24184382365619,28.717291247821382,30.32589340209961,2531279000,0.0214440587676374,0.5174211715696184,1.4039817794422358,-0.0134398520733924,
2021-11-19,NVDA,30.48754713787992,33.018203898804174,28.739244216455628,32.91542053222656,2393479000,0.0853899700757925,0.5991136497200027,1.1120461266066397,0.0,
2021-11-26,NVDA,33.446291928728265,34.573909183585116,30.814858947539943,31.436540603637695,2004729000,-0.0449296987453322,0.6234791056479018,1.018194350000216,-0.0449296987453323,
2021-12-03,NVDA,32.297720190128416,33.34151112072589,30.070119147107587,30.632001876831055,2578613000,-0.0255924701432811,0.569106497390826,0.9776632361879032,-0.0802743945040923,13.0
2021-12-10,NVDA,29.820616888870113,32.38451590477449,27.982278547489575,30.137983322143555,2704874000,-0.0161275308311195,0.6274883154939809,1.06943942766712,-0.0951072975628975,
2021-12-17,NVDA,30.18888965907291,31.098075396246916,27.195842071505684,27.745750427246097,3384800000,-0.0793760109734945,0.694407925911617,1.2451607402293077,-0.1669340706413801,
2021-12-24,NVDA,27.250733155410387,29.999258803639915,27.09105129868075,29.581090927124023,1724438000,0.0661485262289265,0.6879108636944843,0.7919775035273717,-0.1118279871627766,
2021-12-31,NVDA,29.60105678205719,31.267737862639216,29.272709567584418,29.352550506591797,1742810000,-0.0077258956099779,0.6436677285002598,0.6622192438611426,-0.118689911417661,
2022-01-07,NVDA,29.75574653768631,30.64996574600368,27.00322528448176,27.192848205566406,2280890000,-0.0735780115782571,0.5907195840272458,0.934866475565446,-0.1835349553194072,12.0
2022-01-14,NVDA,26.52817780434093,28.53817178912904,25.593039529863628,26.888456344604492,2318186000,-0.0111938204729732,0.4440465554718013,0.9978737031175532,-0.1926743184520196,
2022-01-21,NVDA,26.20781139067626,26.58506041648056,23.216767613789905,23.327547073364254,2066724000,-0.13243264044627,0.4381816559160624,1.2054523599794145,-0.2995905901595032,
2022-01-28,NVDA,22.28562296184168,24.009189816429384,20.846489247606883,22.79461097717285,3451684000,-0.0228457837643769,0.4679076174464501,1.4098513448094407,-0.3155919920832541,
2022-02-04,NVDA,23.135928523427957,25.765691523974446,23.006187716140168,24.27066993713379,2392031000,0.0647547335393921,0.5433382122222913,0.890467513836613,-0.2712733338983789,13.0
2022-02-11,NVDA,24.323564396360993,26.871486170645973,23.725756410566216,23.901405334472656,2430181000,-0.0152144379869862,0.6278738859833861,0.9165385056820282,-0.2823605005692451,
2022-02-18,NVDA,23.88643073458428,26.529174849501977,23.054091914566957,23.595014572143555,3444819000,-0.0128189434069468,0.7333116310607708,1.2134608044678996,-0.2915598806990376,
2022-02-25,NVDA,22.989217603574097,24.168869937955396,20.8484821049316,24.108989715576172,2464600000,0.0217832094089662,0.7473863195720197,1.0861987209872188,-0.2761277812265916,
2022-03-04,NVDA,23.944321576419384,24.61598446694235,22.441142240714974,22.894317626953125,2075527000,-0.0503825379227018,0.6971695176942487,0.7581387275786474,-0.3125983007401333,10.0
2022-03-11,NVDA,22.775533982357196,23.177800600931413,20.612474742304823,22.05983543395996,2296305000,-0.0364493149169355,0.7320836148622989,0.8350402851840952,-0.3376536217508928,
2022-03-18,NVDA,21.829256910095523,26.5207089584627,21.1205481082041,26.404918670654297,2751432000,0.1969680712125943,0.7059550389857311,1.0427990611428406,-0.2071925331525187,
2022-03-25,NVDA,26.45882662219231,28.306462114881743,25.52852290161085,27.641672134399418,3097249000,0.0468379955708637,0.7356387754377277,1.2212516656869006,-0.1700590205317689,
2022-04-01,NVDA,27.705559052925192,28.89339579270697,26.219264969798488,26.66345596313477,2418640000,-0.0353891821923205,0.7187504722378865,0.9336175723098008,-0.199429953063043,9.0
2022-04-08,NVDA,26.679428397203537,27.50791997918667,23.020090688541902,23.07698631286621,2620341000,-0.1345088069313765,0.7150663592237813,0.9856482662898536,-0.3071136749415292,
2022-04-15,NVDA,22.173627848560624,22.73560855917908,21.12454130662309,21.21936798095703,2323505000,-0.0804965738040713,0.6523858385591801,1.0412990108432676,-0.3628886501444302,
2022-04-22,NVDA,21.161469536392858,22.62879947914328,19.46456201839812,19.47953414916992,2788378000,-0.0819927263313636,0.4878895771792628,1.0246074939398686,-0.4151271466957436,
2022-04-29,NVDA,19.167100923640312,20.091422411814133,18.256765532864236,18.513296127319336,2864931000,-0.0496027273779421,0.6153482469456416,1.0409128534870926,-0.4441384353889536,
2022-05-06,NVDA,18.507305480868084,20.36292287728353,17.95730714361305,18.64106178283691,2956283000,0.0069012916251605,0.6797550348452932,1.041718692423623,-0.440302272628355,10.0
2022-05-13,NVDA,18.00122470604806,18.221821818374295,15.538707458895326,17.67382049560547,3455261000,-0.0518876713408028,0.8244647815248557,1.168539169495973,-0.4693436843564093,
2022-05-20,NVDA,17.477183493359433,18.33761243130052,15.726366487747862,16.663660049438477,3012852000,-0.057155748889617,0.8439158677834326,0.98936080664949,-0.4996737434800237,
2022-05-27,NVDA,16.244423998494888,18.846685983699807,15.751321521154898,18.77681350708008,3744525000,0.126812083982283,0.8252044459906477,1.1833285604402954,-0.4362263282196714,
2022-06-03,NVDA,18.945504221241023,19.583344026505568,18.089066793747712,18.68597984313965,2456049000,-0.0048375441288893,0.8062870727063224,0.9230309067069646,-0.4389536082356148,8.0
2022-06-10,NVDA,19.104220743979752,19.3018608947112,16.841902597628902,16.946735382080078,2035394000,-0.0930775092159864,0.7268767298682464,0.6533190088131766,-0.4911744089356604,
2022-06-17,NVDA,15.97429888299976,16.84090387526414,15.303379735845638,15.854493141174316,2813852000,-0.0644514837979194,0.6752314715635036,0.9537686829076152,-0.5239689732741104,
2022-06-24,NVDA,16.44853713036233,17.112463394239207,15.827537079076826,17.098485946655273,1856057000,0.0784631078650059,0.6752677639218337,0.8259068667094812,-0.4866180994770274,
2022-07-01,NVDA,17.284194868332495,17.302165607517388,14.368882791299097,14.499671936035156,2635149000,-0.151990884966542,0.5839692688952532,1.051399014505576,-0.5646474688633193,9.0
2022-07-08,NVDA,14.152231139263709,16.01124079035871,14.032424007393097,15.812560081481934,2141338000,0.0905460586445363,0.6282315249303889,1.0564884735720397,-0.5252280130479701,
2022-07-15,NVDA,15.501059566316355,15.756650272392122,14.441765153311936,15.736682891845703,2259892000,-0.0047985392147276,0.5252339066842485,0.8812593192092809,-0.5275062250454137,
2022-07-22,NVDA,16.275813524039364,18.114858336306213,15.976296187145689,17.291181564331055,3227141000,0.0987818514974874,0.5484325272689676,1.2342889385761595,-0.4808324151343625,
2022-07-29,NVDA,16.991661475600253,18.214696484956857,16.451532969702946,18.133827209472656,2358495000,0.0487326815698845,0.5253820691621649,0.8785267706874622,-0.4555319865396994,
2022-08-05,NVDA,18.152795986600218,19.243042594792605,17.961104933200836,18.958498001098633,2179862000,0.0454769300545221,0.4719266290468714,0.8525169848891185,-0.4307712527746407,9.0
2022-08-12,NVDA,17.473884755972595,18.68792995248519,16.697133828709614,18.678943634033203,3234965000,-0.0147455967793033,0.5768962786392757,1.200291427292389,-0.4391648703564139,
2022-08-19,NVDA,18.670959037819134,19.133214622291845,17.74145609340944,17.820329666137695,2212740000,-0.0459669446365856,0.5552407798245855,0.8575546185366667,-0.464944747710993,
2022-08-26,NVDA,17.46190444615827,17.91817353704041,16.21092103601704,16.233884811401367,2842058000,-0.0890244391915434,0.6098328080644648,1.1253866160412542,-0.5125777414825115,
2022-09-02,NVDA,15.994266622399852,16.31175468886111,13.248682562904268,13.625081062316896,3522045000,-0.160701137121058,0.6380097540027068,1.2686837189412112,-0.5909070526843861,8.0
2022-09-09,NVDA,13.708942355163416,14.455045254829914,13.328521120783083,14.368159294128418,2159893000,0.0545375274035371,0.5878982778759253,0.959325669786952,-0.5685961348595671,
2022-09-16,NVDA,14.350181361214242,14.527947731810595,12.600476123758249,13.180715560913086,2981998000,-0.0826441097225714,0.6170811853304226,1.0281083290785742,-0.6042491232249744,
2022-09-23,NVDA,12.994958979609368,14.012624337752102,12.240948352013458,12.499608993530272,3324653000,-0.0516744758078694,0.5818680603875878,1.060738960331019,-0.6246993423328286,
2022-09-30,NVDA,12.47464261841831,12.80620721078962,11.930355327743255,12.123103141784668,2742012000,-0.0301214103529543,0.4810437672939208,0.8815882930209856,-0.6360039274481551,
2022-10-07,NVDA,12.33082923699565,13.63811555992222,12.00625625011576,12.060185432434082,2955426000,-0.0051899013490801,0.5754486661146617,0.9982615807151748,-0.6378930311561518,6.0
2022-10-14,NVDA,12.021236461439129,12.10812242255828,10.798837859501226,11.21229648590088,3422306000,-0.0703048018028753,0.5406371490651499,1.114778313032703,-0.6633508898321586,
2022-10-21,NVDA,11.502914550195962,12.752277756580911,11.501916408490736,12.449673652648926,3025159000,0.1103589410344265,0.5651768825190528,0.980711151242568,-0.6261986505338535,
2022-10-28,NVDA,12.49161907984014,13.831863430742688,12.048200327410264,13.81588363647461,2660045000,0.1097386182114896,0.5930667652014594,0.8806385112806948,-0.5851782069578484,
2022-11-04,NVDA,13.759955512484012,14.21036601692471,12.939032155387688,14.13746166229248,2704427000,0.0232759651339915,0.5196453200803901,0.908025479905972,-0.5755228293661793,6.0
2022-11-11,NVDA,14.209367030009965,16.367539281571972,13.740979525460896,16.305620193481445,2816073000,0.1533626462076915,0.6622967188921991,0.9924079632092668,-0.5104238872230227,
2022-11-18,NVDA,16.1967618318074,16.975738615290787,15.10019861437429,15.38882064819336,2926241000,-0.0562259843176401,0.7010196011624407,1.0503619624206375,-0.5379507860623123,
2022-11-25,NVDA,15.127163364237928,16.505356800578657,15.060250720781186,16.248687744140625,1472780000,0.055876087947533,0.6944254638757087,0.6769714911603842,-0.5121332835482415,
2022-12-02,NVDA,16.005013231836813,17.246801683339985,15.49967613837757,16.85820770263672,2009789000,0.0375119497705833,0.7285564720544573,0.8002057205318375,-0.4938324517859638,5.0
2022-12-09,NVDA,16.66141865731802,17.564465224613613,15.6504847696813,16.983078002929688,2058131000,0.007407092289736,0.5344252577496308,0.8799093183535238,-0.490083222042273,
2022-12-16,NVDA,17.019039641707874,18.770195420423224,16.392702058076296,16.553531646728516,2567579000,-0.0252926092741888,0.5419013374844006,1.1549615367297048,-0.5029803478695112,
2022-12-23,NVDA,16.55452963419861,16.60947103919092,14.866313091281311,15.189971923828123,1996695000,-0.0823727378543944,0.5725722365390938,0.9437126562924474,-0.5439212173829382,
2022-12-30,NVDA,15.058110852321793,15.08408346858157,13.86936474434743,14.598597526550291,1481381000,-0.0389318953480195,0.5489713903151426,0.8514542970610436,-0.5616772288182378,
2023-01-06,NVDA,14.835345814456591,14.99417790999192,14.019206897315303,14.843337059020996,1626813000,0.0167645920798622,0.5845842237802158,0.9468989511727592,-0.5543289263600607,6.0
2023-01-13,NVDA,15.267888310654865,16.904162001817628,15.125038456294371,16.88118553161621,2240313000,0.1372904532513272,0.5619476822831468,1.059563649601385,-0.4931425426590278,
2023-01-20,NVDA,16.881185193204846,17.854158152300805,16.713365152180454,17.82019805908203,1968625000,0.0556247975420429,0.6143471203236269,1.1714873772546166,-0.4649486992117615,
2023-01-27,NVDA,18.044956208931275,20.60625774772897,17.799217156484602,20.343534469604492,2632581000,0.1415997960379822,0.4904277394608657,1.1780086244914607,-0.3891855441502899,
2023-02-03,NVDA,19.92897130354372,21.9258639706003,18.930025867048208,21.0777587890625,2640747000,0.0360912859343602,0.568421621511638,1.0964673702242032,-0.3671404649713773,9.0
2023-02-10,NVDA,20.78406792196353,22.99573229825379,20.764088546903057,21.242582321166992,2750611000,0.0078197845299388,0.6121066785731386,1.0749467289813406,-0.3621916397697363,
2023-02-17,NVDA,21.515295357490142,23.02470377641566,20.93990234696834,21.365455627441406,2448882000,0.0057842923434021,0.5982622699140855,0.927968246817474,-0.3585023697550986,
2023-02-24,NVDA,20.97786007402784,23.86282198809331,20.39947513838324,23.261451721191406,2630910000,0.0887411963878184,0.7458276020291539,1.230863076851913,-0.3015751025672156,
2023-03-03,NVDA,23.645049286961875,23.874802536880523,22.40835276964801,23.86481285095215,2170791000,0.0259382405273991,0.6701871528463986,0.8082063473416419,-0.28345918958728,8.0
2023-03-10,NVDA,23.86581756344892,24.432370990770355,22.705897972493613,22.94468688964844,2442279000,-0.038555758515701,0.672256549604453,0.9425341861372536,-0.3110859640401976,
2023-03-17,NVDA,22.731876826184696,26.37565323674263,22.27727934666776,25.70224952697754,2853086000,0.1201830580905936,0.6407518164787711,1.116925812048127,-0.2282901684370153,
2023-03-24,NVDA,25.592346468540175,27.56460037448036,25.1077747813069,26.755313873291016,2797259000,0.0409716801328285,0.3773938480197326,1.0554712473638266,-0.1966719200628575,
2023-03-31,NVDA,26.81326313262677,27.809382571922825,25.82714199566656,27.75243377685547,1909273000,0.0372681071239402,0.3551196341553832,0.7604339205877199,-0.1667334031240908,
2023-04-07,NVDA,27.48466960367856,27.975235662091706,26.371655203421952,27.01308822631836,1679977000,-0.0266407464109939,0.3206328891339945,0.8547838481294953,-0.1889322472242138,7.0
2023-04-14,NVDA,26.79927368503425,27.76541901115848,26.196806902127364,26.734331130981445,1905191000,-0.0103193345759453,0.2418738859573342,0.8088062122505327,-0.1973019267288674,
2023-04-21,NVDA,26.541501373639377,28.08513943393583,26.40961817014211,27.095014572143555,2057759000,0.0134913957411157,0.2602018894535376,0.971912257762735,-0.1864724093617352,
2023-04-28,NVDA,26.989107985798988,27.733445790564733,26.201805913337573,27.724454879760746,1793523000,0.0232308532605225,0.2858658522272861,0.9060805011754762,-0.1675734692802312,
2023-05-05,NVDA,27.81538028881881,29.03230358140779,27.215908633799796,28.654634475708008,2039790000,0.0335508705214004,0.3489776782002834,1.0269375216104275,-0.1396448345294736,19.0
2023-05-12,NVDA,28.49677402553214,29.19415665691401,28.02119319112188,28.31493377685547,1625569000,-0.0118550002492797,0.341595986341712,0.84800069134113,-0.1498443452305958,
2023-05-19,NVDA,28.482784946357548,31.799847490043984,28.127100823911366,31.236345291137695,2398499000,0.1031756435422133,0.373507193012958,1.2644357277834375,-0.0621289884387105,
2023-05-26,NVDA,30.8736696538163,39.44507664562874,29.77963722467679,38.91155242919922,3707980000,0.2457139933153163,0.9140495165189528,1.6753083963638509,0.0,
2023-06-02,NVDA,40.559096455146374,41.90090712766281,37.788539059197795,39.292213439941406,3044585000,0.0097827248459134,0.9393297712321332,1.4297526237310885,-0.0195458442093223,19.0
2023-06-09,NVDA,38.87458704490847,39.67997860030122,37.32682176637619,38.739715576171875,2142310000,-0.0140612557908968,0.9478792628637036,0.7535647370109257,-0.0333322608851428,
2023-06-16,NVDA,39.16937922135142,43.68684099042033,38.58783312564601,42.65864562988281,2966705000,0.1011605272631737,0.949851894269781,0.9740538704456644,-0.0070937426360267,
2023-06-23,NVDA,42.96441968644821,43.95564551444472,41.98218049927132,42.176029205322266,1778633000,-0.0113134493004736,0.9499520089070832,0.71725345508451,-0.0365002808270301,
2023-06-30,NVDA,42.42783956776684,42.73060434940416,40.06868327693802,42.26895523071289,2520798000,0.0022032900474873,0.3894206466262766,0.9530709237812414,-0.0343774114850194,
2023-07-07,NVDA,42.48377875814638,43.180242145503854,41.31370920237291,42.46979522705078,1181290000,0.004751477656395,0.3585419524979868,0.624998602127003,-0.0297892773311802,15.0
2023-07-14,NVDA,42.623685218893456,48.05044077711324,41.616469261927726,45.43348693847656,2383708000,0.0697835178055692,0.3468865860769149,1.0449078614416982,-0.0110489911261816,
2023-07-21,NVDA,46.25284659122238,47.85858797189123,44.06555098011311,44.27438735961914,3008788000,-0.0255120101265178,0.3818184325947119,1.3217355612691022,-0.0670611457282166,
2023-07-28,NVDA,44.6960587806985,47.35797831429428,44.005600454709025,46.71348190307617,1882004000,0.0550904188384462,0.327411209967568,0.8222294274934822,-0.0156651534957239,
2023-08-04,NVDA,46.717483065836525,47.09318883138378,43.35310977121058,44.64509963989258,1705897000,-0.0442780580448957,0.3615034320432658,0.7670092516558766,-0.0592495889648537,22.0
2023-08-11,NVDA,45.07576619174701,45.504431975857,40.60725111453781,40.82308197021485,2288236000,-0.0856088955004275,0.3623709409674014,1.0147053538230224,-0.1397861925951457,
2023-08-18,NVDA,40.45437607089752,45.2326473732039,40.27951352736408,43.26517105102539,2930412000,0.0598212815630221,0.4107894652819395,1.2893129957373994,-0.0883271002179808,
2023-08-25,NVDA,44.45924519865085,50.22673658703904,44.187458298338946,45.9820556640625,4308297000,0.0627961139881525,0.5301261324988564,1.6988076668984462,-0.0310775848833595,
2023-09-01,NVDA,46.445695012544455,49.88799757012422,44.85294200358458,48.47110366821289,3114195000,0.0541308553565977,0.5254876701115174,1.019973452777815,-0.0171412292269862,14.0
2023-09-08,NVDA,48.18533532160486,48.81284699146263,45.1204471460448,45.54015350341797,1757722000,-0.0604679890282138,0.5093884719653078,0.6916433181197315,-0.0765727225943728,
2023-09-15,NVDA,46.11575443664463,46.130743345970416,43.77738515441512,43.86932373046875,2098505000,-0.0366891554905235,0.4472112854266396,0.6941944530695052,-0.1104524895592988,
2023-09-22,NVDA,42.71812866784668,44.211084137750255,40.95136557382746,41.580928802490234,2170415000,-0.0521638979902749,0.3140345192050197,0.7909996029976221,-0.1568547551514305,
2023-09-29,NVDA,41.56193764990907,44.11315092531868,41.14822547100166,43.46860122680664,2088801000,0.0453975531254453,0.2682639985484764,0.9266117622937312,-0.118578024105951,
2023-10-06,NVDA,43.99923228856128,45.757007806644154,43.2157769974795,45.73002624511719,2093888000,0.0520243337601566,0.3057024698992651,0.9814661764329108,-0.0727226330485022,12.0
2023-10-13,NVDA,44.810668716384285,47.575730741552675,44.33700086795517,45.42923355102539,2111834000,-0.0065775753654615,0.3056235543872508,1.0017170137797482,-0.0788218698143125,
2023-10-20,NVDA,45.03151331618372,46.19270015345539,41.0492920242925,41.35807800292969,2793225000,-0.0896153254164645,0.3521111466212711,1.2582618382293282,-0.1613735477174331,
2023-10-27,NVDA,41.20019083203981,43.66646107168209,39.852133556535904,40.471702575683594,2236157000,-0.0214317364357041,0.4185101302359132,0.975272950961168,-0.1793467688107629,
2023-11-03,NVDA,41.05829449956598,45.27734115862164,39.20258317497881,44.97355651855469,2177372000,0.1112346073025334,0.4394031327656493,0.9388678626633375,-0.0880617289078729,16.0
2023-11-10,NVDA,45.25335828782106,48.43812523395567,44.86762640814462,48.30121994018555,2052358000,0.0739915559103705,0.4308747646867932,0.884068261488621,-0.020585997335553,
2023-11-17,NVDA,48.28623562834099,49.92508551038347,48.06538938330792,49.263553619384766,1941548000,0.0199235895157707,0.3501775345037552,0.8853477057866493,-0.0072096801273807,
2023-11-24,NVDA,49.27754565599921,50.512682115669016,47.6566732297451,47.74261093139648,2173932000,-0.0308735886115573,0.2853618904164083,1.2480425141552056,-0.0522328958081916,
2023-12-01,NVDA,47.76660139816942,48.727928411184934,46.15473498557714,46.732330322265625,2074722000,-0.0211609836458792,0.2773351734972644,0.954010338962526,-0.0722885800000969,13.0
2023-12-08,NVDA,46.044804165615915,47.71183534651791,44.97854837139348,47.47697830200195,1899898000,0.0159343215842489,0.3065306533199488,0.8789728671900982,-0.0575061278964382,
2023-12-15,NVDA,47.46199285274284,49.373816223552424,45.80200812005124,48.860130310058594,2201087000,0.0291331095095899,0.2916703812690997,1.0230167467163664,-0.0300483507083278,
2023-12-22,NVDA,49.36982501987744,50.402191134156865,48.068611458987135,48.800167083740234,1827857000,-0.0012272424559216,0.2988014954848678,0.8588249179744928,-0.0312387165525296,
2023-12-29,NVDA,48.93808291084912,49.96645709185245,48.721216111915,49.49174499511719,1113728000,0.0141716299903282,0.2738366112696579,0.7334717187845916,-0.0175097900945568,
2024-01-05,NVDA,49.213911661432995,49.51673484987403,47.29108765317691,49.06700897216797,1453724000,-0.0085819569100082,0.2638345589485189,0.989332577629563,-0.0259414787404704,20.0
2024-01-12,NVDA,49.48176135689829,55.312183643545765,49.44878056633185,54.67658233642578,2899159000,0.1143247465407903,0.3220166767309044,1.4518054266854337,-0.0020427534888306,
2024-01-19,NVDA,54.984391900558016,59.46365188180549,54.706563019184806,59.45465850830078,1959125000,0.0873879816129588,0.3490726931265883,1.1826312667186736,0.0,
2024-01-26,NVDA,60.01232052303933,62.810603561548206,58.549206851243994,60.99371719360352,2180966000,0.0258862589394548,0.3258694998666606,0.9976238670879096,-0.0095104518393838,
2024-02-02,NVDA,61.1945932389414,66.55930144641191,60.66291975637589,66.11957550048828,2058987000,0.0840391198099057,0.3263470950297995,0.8823902976123431,0.0,54.0
2024-02-09,NVDA,68.18331639891433,72.14089841148939,66.25949848302591,72.08893585205078,2709823000,0.0902812866897246,0.3367765869930453,1.1287512862075673,0.0,
2024-02-16,NVDA,72.55565505937633,74.5654283449227,69.57748237910234,72.56864166259766,2636656000,0.006654361101007,0.3302060248849882,1.0960856363002207,-0.0174154654647209,
2024-02-23,NVDA,71.90304738257117,82.34367088132632,66.2075347659216,78.76885986328125,3073076000,0.0854393586352497,0.6888328789766682,1.4805428504895457,0.0,
2024-03-01,NVDA,79.65130857177527,82.24972013852617,77.07788148076835,82.22872924804688,2275212000,0.0439243298782143,0.6882483999676555,0.8235146613413722,0.0,52.0
2024-03-08,NVDA,84.07859536447201,97.3450634515258,83.36995155382468,87.47863006591797,3469163000,0.063845092413316,0.7130537315893177,1.2174999409880374,-0.0554770146283277,
2024-03-15,NVDA,86.3802534333582,91.90813847414768,84.11852931570184,87.7874526977539,3226556000,0.003530263695296,0.7613640019335015,1.051442403120827,-0.0521425994236975,
2024-03-22,NVDA,90.33702166642148,94.72453187599704,84.9620544077868,94.23580932617188,2887301000,0.0734541945375633,0.4598910701340267,0.9326984514914308,0.0,
2024-03-29,NVDA,93.88801151365492,96.711414933466,89.07273343467564,90.30503845214844,2087063000,-0.0417120721106999,0.4816082621521491,0.8642650835083224,-0.0489041531117764,
2024-04-05,NVDA,90.248075338723,92.1729839586744,85.83154944356146,87.9583740234375,2090215000,-0.0259859745251577,0.4359267835394546,0.7092060046482065,-0.0736193055599973,34.0
2024-04-12,NVDA,88.64995673788222,90.687819723934,82.97516956737525,88.1362533569336,2075291000,0.0020223126617675,0.324970489578449,0.8180837095152012,-0.0717458741520141,
2024-04-19,NVDA,89.04775296579596,90.56189797510773,75.56336143765269,76.15702056884766,2631388000,-0.1359172001511401,0.4954981783926878,1.1288874871192174,-0.1979115759660164,
2024-04-26,NVDA,78.0599406532052,88.28118855401848,76.35690706369323,87.6855239868164,2522760000,0.1513780782370117,0.6005202563722762,1.0787089168821578,-0.0764929717595984,
2024-05-03,NVDA,87.54560070216142,89.23064138508623,81.20915281271795,88.73892211914062,2088782000,0.0120133641726607,0.623698831943257,0.898475961276203,-0.0653985455133346,51.0
2024-05-10,NVDA,89.3395790876885,92.16798466023728,88.18123739175036,89.82730865478516,1852604000,0.012265041197855,0.6117144057901174,0.800105915389922,-0.0539356201704802,
2024-05-17,NVDA,90.42696502755186,95.7649618311796,88.47906681215352,92.42682647705078,1687565000,0.0289390594151697,0.4550439785289978,0.77940871941963,-0.0265574068720179,
2024-05-24,NVDA,93.69712178712976,106.41494412748668,93.12744211033532,106.40895080566406,2460917000,0.1512777714172084,0.4622429387671669,1.231859467083845,0.0,
2024-05-31,NVDA,110.18181893492428,115.75366768594492,106.87967024651522,109.57115173339844,2307986000,0.0297174335785861,0.4946113361370355,1.35489724790918,-0.0452167030218949,
2024-06-07,NVDA,113.55691490102478,125.51616477932996,111.93982368190672,120.81982421875,2447200000,0.1026608948377314,0.497455642423285,1.0901250181139623,-0.0126755948864686,90.0
2024-06-14,NVDA,120.30211616184846,132.7759808624214,116.94401053331076,131.8164520263672,1405605200,0.0910167505930752,0.50315771986503,0.6179201937790397,0.0,
2024-06-21,NVDA,132.9259111616535,140.69216665961412,124.2400925137838,126.50899505615234,1750053700,-0.0402639950372295,0.5531854243411444,0.9667067680884184,-0.0664552023355697,
2024-06-28,NVDA,123.18059459700768,128.05824542053676,117.98310411428992,123.48046875,1821317800,-0.0239392171664006,0.522238650214412,0.8549511152924538,-0.0888035339814221,
2024-07-05,NVDA,123.41050281013467,128.78790450042015,118.77273936918628,125.76935577392578,933185200,0.0185364296645156,0.4971671240635122,0.6315749647273342,-0.0719132047785136,63.0
2024-07-12,NVDA,127.42854201917729,136.0843835595481,126.9787619894619,129.17774963378906,1399485700,0.0271003523782848,0.5414737574681264,0.8647408728846193,-0.0467617255903781,
2024-07-19,NVDA,130.49708637675548,131.32668826604316,116.50382347473696,117.8731689453125,1351385200,-0.0875118255312878,0.5613751793611744,0.8483203013734206,-0.130181347150259,
2024-07-26,NVDA,120.2920035253006,124.62990055585172,106.24876991914482,113.00550842285156,1513222900,-0.0412957466573186,0.5239904479400854,1.0996113133560228,-0.1661011578761521,
2024-08-02,NVDA,113.63521853690592,120.10209097077004,101.3211493614294,107.21829986572266,2213649400,-0.0512117385948475,0.7615382619589166,1.4826122631080296,-0.2088065673935445,78.0
2024-08-09,NVDA,92.01562533705626,108.74755983917498,90.64629054713856,104.69951629638672,2056049100,-0.0234921051023044,0.8129071896922538,1.178548758777269,-0.2273933666685883,
2024-08-16,NVDA,106.26877223508454,124.93975424016854,106.2088035847162,124.51995849609376,1598129600,0.1893078678950024,0.8398219219871638,0.8740462977537786,-0.0811328521910828,
2024-08-23,NVDA,124.22008831845956,130.68698241163722,123.04066795762932,129.30763244628906,1575724000,0.0384490487149136,0.8208809015496895,0.8439839337096673,-0.0458032844624442,
2024-08-30,NVDA,129.50757276253648,131.19674560847827,116.65374447412272,119.31246948242188,1869975300,-0.0772975482945209,0.6358989336657986,1.0244686265733225,-0.1195603511641816,
2024-09-06,NVDA,115.95408600386334,116.15398655476368,100.90134249947532,102.78044128417967,1570114200,-0.1385607746613427,0.6359284545027749,1.1286045585275577,-0.2415547509494332,54.0
2024-09-13,NVDA,104.82945579489092,120.7421209186122,103.640034438972,119.0527801513672,1588029100,0.1583213563191055,0.6425407394123301,0.917528911514496,-0.1214766704259658,
2024-09-20,NVDA,116.74370178435876,119.6125639674696,113.17510830529989,115.95401763916016,1466985900,-0.026028476682923,0.6275455351039565,0.8622146731987061,-0.1443432944251875,
2024-09-27,NVDA,116.50379891378353,127.61938773200264,114.814466443239,121.35187530517578,1419480300,0.0465517088231757,0.5750986641675404,0.8585136841325568,-0.1045110126146706,
2024-10-04,NVDA,118.26310431441512,124.99043094258552,115.0943511112096,124.87047576904295,1271290200,0.0289950233980198,0.4407820459909963,0.8489960788909533,-0.0785462884727637,50.0
2024-10-11,NVDA,124.94044391837012,135.72617401836632,124.90045886173723,134.74656677246094,1290685100,0.0790906813047187,0.3602498887668469,0.9091488152392052,-0.0056678866373129,
2024-10-18,NVDA,136.4159022137037,140.83415423256426,128.68896947491228,137.94529724121094,1357584500,0.0237388643389449,0.3683793410206997,0.986515111387246,-0.0005070221910102,
2024-10-25,NVDA,138.07524085271365,144.36276924192205,137.40551088320953,141.48388671875,1154273100,0.0256521211546019,0.3758233270219261,0.880749688547974,-0.0150998810869891,
2024-11-01,NVDA,142.9433224828564,143.08326638426843,132.05764589588958,135.34632873535156,987765800,-0.0433799079579926,0.3893554038581322,0.8127655348794948,-0.0578247575932516,59.0
2024-11-08,NVDA,137.15560698724303,149.7106230852884,135.5162578090522,147.57147216796875,973098600,0.0903248987013276,0.3986997734838559,0.8622329896300569,-0.0083961738243495,
2024-11-15,NVDA,148.62103456850656,149.5906625866308,140.0244503789864,141.92369079589844,1017459800,-0.0382714984752735,0.3722157814455314,0.9699578590204488,-0.0463463381459065,
2024-11-22,NVDA,139.44468522690033,152.8293979645091,137.09561095173166,141.8937225341797,1396264700,-0.0002111575703159,0.3919146366840185,1.3258077239027024,-0.0465477093360666,
2024-11-29,NVDA,141.93371415065735,141.99368792347047,131.74774157257602,138.19520568847656,903463700,-0.0260654014825231,0.3883380709123691,0.9896050989087056,-0.0713998260866533,
2024-12-06,NVDA,138.7749450999513,146.49200804389403,137.7653511333102,142.39334106445312,928447900,0.030378299703393,0.3585950889686901,0.8332178272818023,-0.043190531698891,44.0
2024-12-13,NVDA,138.92447761551347,141.77354545828368,132.4965775973186,134.20602416992188,974961000,-0.0574978916382427,0.3911253327477611,0.8773949880580894,-0.0982050588257127,
2024-12-20,NVDA,134.13603509853905,136.6552244722092,126.81844751374322,134.65586853027344,1291053700,0.003351893949127,0.355752735191454,1.1633145311155697,-0.0951823378190372,
2024-12-27,NVDA,136.23536324975828,141.8535301026856,134.66588395063462,136.96511840820312,567998700,0.017149270233332,0.3398489903714741,0.701465227051276,-0.0796653752184041,
2025-01-03,NVDA,134.78581438230358,144.85253555834646,133.7861766339878,144.4226837158203,750963600,0.0544486464458133,0.3702726250632034,0.9538736328934978,-0.0295544006218309,100.0
2025-01-10,NVDA,148.5413213081193,153.07983530547875,134.17604480086774,135.86549377441406,1052112000,-0.0592510104454517,0.4395724340137096,1.2601392290605222,-0.0904770008404635,
2025-01-17,NVDA,129.94742663109315,138.70455649670012,129.4675728747113,137.66490173339844,996041100,0.0132440394466313,0.4500811612289729,0.9408126154799248,-0.0784312423619762,
2025-01-24,NVDA,139.1144233323199,148.92119854206575,137.0450940162502,142.57327270507812,825973500,0.0356544835312144,0.4643118110028303,1.020473382944577,-0.0455731842698897,
2025-01-31,NVDA,124.75911743279188,128.95774513931468,116.21192149182428,120.03067016601562,2646704500,-0.1581124015136646,0.8525044947080737,2.015039303180981,-0.1964799001740172,
2025-02-07,NVDA,114.71241754878405,130.32727996151158,112.9729895620065,129.79745483398438,1369686400,0.0813690755409444,0.8299872330661288,0.8975338445355476,-0.1310982124726093,77.0
2025-02-14,NVDA,130.04738916543755,139.20439781688884,129.03773808890557,138.80453491210938,949079700,0.0693933489654738,0.8272447882904645,0.6309371833279087,-0.0708022075139971,
2025-02-21,NVDA,141.2237529999524,143.3930407195906,133.98609294492073,134.38595581054688,758833800,-0.0318331033230314,0.8133047889736461,0.6361147838059971,-0.1003814568497368,
2025-02-28,NVDA,136.51527743543022,138.544611438826,116.36187573271177,124.87908172607422,1677630500,-0.0707430626000469,0.5455906071392811,1.2647762749210132,-0.1640232277639788,
2025-03-07,NVDA,123.46954557652552,123.65947815441596,107.52476685365718,112.65309143066406,1756820000,-0.0979026280976999,0.6014386737803791,1.3408279205458675,-0.2458675507945179,62.0
2025-03-14,NVDA,109.86400325750408,121.85128414551468,104.73568182740638,121.6413345336914,1621837200,0.0797869191948403,0.6836913546328688,1.1275864107401798,-0.1856976460075531,
2025-03-21,NVDA,122.711081524258,122.86104771124882,114.51301183473794,117.6722640991211,1343942800,-0.032629290444614,0.6765721917794562,0.8610357456547308,-0.2122677540257058,
2025-03-28,NVDA,119.8517551027078,122.19120779583362,109.04430789656143,109.6441650390625,1156137600,-0.0682242253220871,0.6055517824559679,0.7514002457699722,-0.2660101762685299,
2025-04-04,NVDA,105.10522740758996,111.95361956622256,92.08830207120737,94.28778076171876,1613471100,-0.1400565572447271,0.6013989622632787,1.14206534859065,-0.3688102640330236,71.0
2025-04-11,NVDA,87.43939472630683,115.07287764897656,86.59959627985899,110.90386199951172,2451432700,0.1762273022395621,0.889137554151999,1.56378366535793,-0.2575773996622619,
2025-04-18,NVDA,114.08311462021162,114.2630725146749,100.02643178468183,101.4660873413086,1183206300,-0.0850987015965654,0.913202867605886,0.8961522063138876,-0.3207565989869493,
2025-04-25,NVDA,98.74673137333838,111.8936379045766,95.01761424618036,110.98385620117188,1248911600,0.0938024625690721,0.9351263595255274,0.7429829698546536,-0.2570418952881335,
2025-05-02,NVDA,109.66416443154382,115.37281962529518,104.0554770168086,114.47303009033205,1039513700,0.0314385714156084,0.8909856721431678,0.6311688996996969,-0.2336843538543444,51.0
2025-05-09,NVDA,112.88340831442672,118.65204278244111,110.7938992837595,116.62252044677734,829847900,0.0187772644329335,0.4631693267536775,0.6327389740162481,-0.2192950423275732,
2025-05-16,NVDA,121.94126742822684,136.31789147723805,120.25166311897564,135.36810302734375,1289809300,0.1607372444769041,0.4209575738819823,1.1370212269927722,-0.0938066786818492,
2025-05-23,NVDA,132.35879696756518,137.36762292180558,129.12957588399638,131.25906372070312,1011442800,-0.0303545607476721,0.3605621932807268,0.9542198961100918,-0.1213137789029356,
2025-05-30,NVDA,134.1183754403962,143.45620133736625,132.88868890141003,135.09817504882812,1199387500,0.0292483522227005,0.3866292283675983,1.3723777334682286,-0.0956136548150551,
2025-06-06,NVDA,135.45808684638126,143.96606551828813,135.36809645457458,141.6865997314453,975746800,0.0487676808382937,0.3831193095752618,0.8468161825265709,-0.0515088301785647,41.0
2025-06-13,NVDA,143.15627066728982,144.9759063720703,140.8265869783813,141.94639587402344,851876000,0.0018335971296552,0.2761364776499395,0.7662942570707046,-0.0497696794920772,
2025-06-20,NVDA,143.32618096280035,146.17569581398777,142.6262828381709,143.8260955810547,726692000,0.0132423207750866,0.2730253914758843,0.8709840899235602,-0.037186424777698,
2025-06-27,NVDA,142.47632119978937,158.68361723049148,142.00639807778802,157.72377014160156,1072401700,0.0966283239797376,0.2769539604038902,1.0523836860423614,0.0,
2025-07-04,NVDA,158.37368067249696,160.95324924613055,151.46483925954294,159.3135223388672,722664100,0.0100793443869515,0.2747353414973286,0.9498672752700228,0.0,54.0
2025-07-11,NVDA,158.17371270193448,167.862101078866,157.31385497697042,164.89259338378906,823265800,0.0350194444452423,0.2668468050367987,0.8985476954975095,0.0,
2025-07-18,NVDA,165.3425116109199,174.22103817113316,161.99307751467913,172.38134765625,833732200,0.0454159530078515,0.2721660757645416,0.902272822319072,-0.0034104209620386,
2025-07-25,NVDA,172.72129949000853,174.69097468726906,164.55266825003173,173.47117614746094,721624000,0.0063221949823955,0.2627831416299027,0.8190173996420894,-0.0013813721014661,
2025-08-01,NVDA,173.99108478739527,183.2695444846075,170.86160006411595,173.69113159179688,894627600,0.0012679653716589,0.2551337880772385,1.1118314610585245,-0.030958941870163,76.0
2025-08-08,NVDA,175.1309006070304,183.84945895635624,174.49100755408614,182.6696319580078,717049600,0.0516923361827814,0.2769791306440878,0.8824453842288644,0.0,
2025-08-15,NVDA,182.01974653412333,184.44933506001817,178.01041021115256,180.4200134277344,749836800,-0.0123152299928575,0.2483756165803832,0.9669541808348988,-0.0147958031189062,
2025-08-22,NVDA,180.56998232776263,182.9095896538983,168.77195541250927,177.96043395996094,845210200,-0.0136325201458793,0.2534651868799651,1.0776331614634251,-0.0282266191806928,
2025-08-29,NVDA,178.3203719824875,184.43934897141472,173.12121914292007,174.1510467529297,1092265600,-0.0214058098323602,0.2525491400079164,1.315589831437305,-0.0490282153706608,
2025-09-05,NVDA,169.9717482776903,172.3813708166661,164.04275681292185,166.9922637939453,761701300,-0.0411067466573463,0.2350437798319956,1.0831633517712076,-0.0881195715997036,61.0
2025-09-12,NVDA,167.5221599855096,180.26021784214308,166.71229229208453,177.80047607421875,824239800,0.0647228322720978,0.2812560488084772,0.8990628071679658,-0.0291000875801425,
2025-09-19,NVDA,175.650725630949,178.83038469078608,168.39151800406466,176.6505889892578,928588600,-0.0064672891228984,0.299680099174973,1.0012474697342806,-0.0353791780231584,
2025-09-26,NVDA,175.28075846993005,184.52974299714737,173.11100459099512,178.17044067382812,945921100,0.0086037170510808,0.3382387259768116,0.9835873643563542,-0.02951907886338,
2025-10-03,NVDA,180.41019002973695,191.0290292282152,180.30021674934375,187.5994110107422,878292100,0.0529210698545412,0.302195801607152,0.963179868321786,-0.0067234428008482,67.0
2025-10-10,NVDA,185.4796339074747,195.59851591827857,182.03001384654092,183.139892578125,879706600,-0.0237714948495326,0.3477716738219299,0.9907229766485712,-0.0488653432213725,
2025-10-17,NVDA,187.9493639887039,190.089128427756,177.2705272995106,183.19989013671875,926433200,0.000327605076912,0.3610628062566955,1.0075865566513105,-0.0485537466789847,
2025-10-24,NVDA,183.10990104163824,187.44940625639555,176.74059027394597,186.23953247070312,657694900,0.0165919440874988,0.3273984253221026,0.7710542288707175,-0.0327674036416221,
2025-10-31,NVDA,189.9691435897376,212.1667169482571,188.4093020699799,202.4677734375,1118935100,0.0871363923196579,0.3853951103898688,1.2961499604013924,-0.0219764247055594,
2025-11-07,NVDA,208.05714970598171,211.31678618801203,178.8903723972709,188.1293487548828,1028509000,-0.0708183057440663,0.3959926713332405,1.115101035327182,-0.0912383972856658,85.0
2025-11-14,NVDA,195.08858253564551,199.91805415635875,180.56016596493993,190.14910888671875,924330700,0.0107360183044464,0.4415868104064343,0.990429230965729,-0.0814819160845469,
2025-11-21,NVDA,185.9495778546046,195.97847686300787,172.91100782704066,178.86036682128906,1324905200,-0.059367841014469,0.4758915358338671,1.299822256526071,-0.1360123516593543,
2025-11-28,NVDA,179.47030653663683,183.4798609481747,169.53138015579162,176.98056030273438,882403400,-0.0105099108984436,0.4204805435170421,0.9884229684155026,-0.1450927848607703,
2025-12-05,NVDA,174.7408159055669,185.63961443898967,173.66093259662904,182.4001312255859,847237200,0.0306224079841375,0.3885432592269971,0.7842022185625656,-0.1189134673301941,55.0
2025-12-12,NVDA,182.6301165694494,187.98982714518385,174.61054106596097,175.01052856445312,898294700,-0.0405131433375648,0.31229204140126,0.8671040632513372,-0.154609052321044,
2025-12-19,NVDA,177.93037643785232,181.4401759084778,170.30078481189744,180.9802093505859,1037161100,0.0341104094427913,0.3207073125875813,1.0212562843098496,-0.1257724209564855,
2025-12-26,NVDA,183.91003698180788,192.67957056140057,182.34012994783168,190.51968383789065,509206800,0.0527100422832711,0.3142282794447585,0.7050791047266682,-0.0796918482998999,
2026-01-02,NVDA,187.6998414610299,190.54969193131708,185.8999358866866,186.4899139404297,337793900,-0.0211514622336336,0.3066632903738119,0.6762427520241198,-0.0991577114138896,45.0
2020-01-03,SPY,295.67269108630387,296.9064177570936,293.44285049264414,294.6400146484375,136860900,-0.0075722393027446,,,-0.0075722393027446,13.0
2020-01-10,SPY,292.8854545477704,299.25506045062673,292.76664728278183,297.6557922363281,265948900,0.0102354651030309,,,-0.0028779145133338,
2020-01-17,SPY,298.2772496807154,303.5686007011989,297.8477308070792,303.3584289550781,331872500,0.0191584940306559,,,0.0,
2020-01-24,SPY,302.398801777143,304.27224473675494,299.1636833310754,300.4522399902344,266198700,-0.0095800501566881,,,-0.009580050156688,
2020-01-31,SPY,295.20662007158137,300.3243402372707,293.1048090217675,294.0186767578125,391122800,-0.0214129314949723,0.1198953435408313,1.444779511817558,-0.0307878446939368,
2020-02-07,SPY,295.49915167501734,305.4053748205114,295.3803444015998,303.5868835449219,312106400,0.032542853714667,0.1352398863219672,0.9310751758717484,-0.0053293418262844,19.0
2020-02-14,SPY,302.70035366918944,308.9969262404168,302.66379115886144,308.52178955078125,260011300,0.0162553333933124,0.1335508220397467,0.7805095645111176,0.0,
2020-02-21,SPY,307.52563255819723,309.8742206443196,303.9341190417113,304.7566223144531,293992500,-0.012203894064696,0.1411370034791585,1.12852965357978,-0.0143640828247777,
2020-02-28,SPY,295.307216805096,304.82970245486194,260.9457107535948,270.74237060546875,1244104700,-0.1116111979804259,0.2478334693101717,2.7671704795924743,-0.1243720883132403,
2020-03-06,SPY,272.5244617816566,286.80818159326185,265.2317755742254,271.8390197753906,1130490100,0.0040505265853636,0.3564378309593108,1.7045609931675851,-0.1208253341780665,56.0
2020-03-13,SPY,251.58778741680635,263.6690927281698,226.34666905235628,246.1227874755859,1562964500,-0.0946009602339389,0.6868636336365403,1.675752055815083,-0.2039961017781738,
2020-03-20,SPY,220.4065938164684,234.7725944345364,208.38008698094055,210.3224334716797,1523388400,-0.1454572913426696,0.8224426341832243,1.2210818201760243,-0.3197806727117267,
2020-03-27,SPY,209.7617156608412,241.57659857512195,200.6336404665036,232.95416259765625,1342924000,0.1076049223680359,0.9318504418528284,0.9487051787302072,-0.2465857248056342,
2020-04-03,SPY,235.050062078814,242.06381801054945,224.20299266868236,228.14651489257812,869026800,-0.0206377411395801,0.9165634360796816,0.6440649796300243,-0.26213449358796,36.0
2020-04-10,SPY,237.01724073694356,258.4906337249241,228.12817652469008,255.73291015625,733262100,0.1209152604266639,0.8050508867353728,0.7307901668867147,-0.1729152937202958,
2020-04-17,SPY,254.75858925351815,264.09803815159717,249.4913256390023,263.4913635253906,649240600,0.030338110821952,0.5806299432043286,0.6133525422113176,-0.1478231062420405,
2020-04-24,SPY,259.7868595128614,263.6293107862759,250.0521320673949,260.1177673339844,509219500,-0.0128034412447871,0.4384862341735652,0.6105705834523176,-0.1587339030314359,
2020-05-01,SPY,262.09412629154366,271.06606064953246,258.78484641412496,259.9523010253906,549993900,-0.0006361207474969,0.3839908898162265,0.8190168055960335,-0.1592690498498835,25.0
2020-05-08,SPY,258.06781222922524,269.2916979257721,256.58784709475344,268.8228759765625,385778500,0.0341238562466335,0.2866742274237356,0.6712657602133553,-0.1305800677648658,
2020-05-15,SPY,266.8925176860717,270.47758767684087,250.94374432958452,263.1604309082031,553230300,-0.0210638512358338,0.2588990896063777,1.089928004426459,-0.1488933998789356,
2020-05-22,SPY,269.38376752220853,273.8144983071531,268.3725249301823,271.58062744140625,443006900,0.0319964384620585,0.241709135053945,0.895218351969655,-0.1216610199235101,
2020-05-29,SPY,277.54654029417327,282.060115869461,271.59904750423533,279.7435607910156,403264800,0.0300571267785678,0.2240752319322619,1.0464949821138028,-0.095260673844793,
2020-06-05,SPY,279.1001076480142,295.32466622909004,278.5853346376734,293.550537109375,448912200,0.0493558324606941,0.2085257036910056,0.9602264283178747,-0.0506065112424753,27.0
2020-06-12,SPY,294.3595270647997,297.2919098216804,274.4854347080679,279.6423645019531,650043700,-0.0473791420870054,0.2863204420595043,1.3132898570956628,-0.0955879602427959,
2020-06-19,SPY,273.95230329940716,290.2629452362686,272.7756754665918,284.9632873535156,573187400,0.0190275992732327,0.2674645350787631,1.0918291563867932,-0.0783791703724086,
2020-06-26,SPY,284.36307218217655,290.3736357062622,276.4505185694108,277.03216552734375,493363100,-0.0278320828617226,0.2941394140657939,0.9160185389279089,-0.1040297976696932,
2020-07-03,SPY,278.2878382488589,291.4815456098737,275.9980771665016,288.2777404785156,334908800,0.0405930298013064,0.2983261043828645,0.7579343930068521,-0.0676596525454166,22.0
2020-07-10,SPY,292.1001687186121,293.49435402565143,286.8467063436829,293.2265930175781,340167000,0.0171669603447277,0.1946718298481851,0.6557263224990818,-0.0516542027728738,
2020-07-17,SPY,295.57175522796825,298.2584726879043,288.06546370459,297.0397644042969,401248400,0.0130041799670268,0.1892926308394551,0.9042942535763256,-0.0393217433547586,
2020-07-24,SPY,296.7720261466081,302.1270831480681,294.7591987366895,296.26416015625,320898500,-0.0026111125209191,0.1668328956428501,0.8157212564231549,-0.0418301823792595,
2020-07-31,SPY,296.95672110500396,301.573133804093,295.1193636875488,301.4715576171875,301090700,0.0175768728090197,0.1357219246405492,0.8708510321930685,-0.024988553365498,
2020-08-07,SPY,303.13343702102367,309.1902388250722,302.58870135537785,308.9040222167969,238681200,0.0246539496407391,0.1128977866710539,0.7356140558027752,-0.0009506702610266,19.0
2020-08-14,SPY,309.3563548854789,312.3294209653016,306.5404296941491,310.9998474121094,256734100,0.006784713194319,0.1104537754287463,0.8878791588841637,-0.0017782354133319,
2020-08-21,SPY,312.01555148156046,313.6589577204171,309.5042425688443,313.4373779296875,239583500,0.0078377225515102,0.0917694200542084,0.8960981493086229,0.0,
2020-08-28,SPY,315.8748181437234,323.81509518897934,313.4096586142327,323.6858215332031,244465300,0.0326969414790558,0.0800133441556938,0.964940842154322,0.0,
2020-09-04,SPY,323.473470596124,331.22914447381027,309.1810250931994,316.29034423828125,477715300,-0.0228477023179195,0.1677848484450831,1.7319692048582045,-0.0422981070879092,22.0
2020-09-11,SPY,310.87991099506087,316.355023493456,305.6078508539459,308.43310546875,381177300,-0.0248418546840364,0.2096666106476656,1.4337323692629038,-0.0660891983422581,
2020-09-18,SPY,311.5999249612927,316.74269857760834,304.02240791405023,306.5067138671875,398023800,-0.0062457355173816,0.2210797573963552,1.0755745429859966,-0.0719221582062382,
2020-09-25,SPY,301.9182318320632,307.01669609895345,296.44905891226836,304.72698974609375,403925800,-0.0058064767934085,0.2406714058053263,0.9760327543922148,-0.0773110206570904,
2020-10-02,SPY,308.8890949296322,314.0060903303923,307.00733868479756,309.4638366699219,398099500,0.0155445598296855,0.2129108796565535,0.9136358759063992,-0.0629682266135031,18.0
2020-10-09,SPY,311.52166182686176,321.9873254041977,309.9644141027496,321.5238342285156,297612700,0.0389706199224082,0.1940174587060265,0.7605708125423764,-0.0264515175176377,
2020-10-16,SPY,324.063844968693,328.1703711128486,318.07546486396797,321.9317626953125,361231500,0.0012687347666637,0.1899792459431384,0.9653563651761432,-0.0252163427108792,
2020-10-23,SPY,323.1924104328647,323.8227516799886,315.7766056873438,320.5320129394531,296595700,-0.0043479703404851,0.1618138323811008,0.8482399303417558,-0.0294546731411621,
2020-10-30,SPY,317.14853512100905,317.9364759234132,299.0445857878949,302.6968994140625,495446400,-0.0556422223222976,0.21002275369766,1.399578999526086,-0.0834579719921086,
2020-11-06,SPY,306.0896911621094,326.4740092498404,303.3458020708051,324.59222412109375,463334900,0.0723341558813934,0.2209134699094939,1.1956651283525177,-0.0171606780663373,19.0
2020-11-13,SPY,337.39377544488605,337.77384161254093,324.9166565996286,331.95245361328125,446943600,0.0226753105750359,0.2242380791798442,1.042569933902065,0.0,
2020-11-20,SPY,334.6222008625587,336.29075828534565,328.2908110827179,329.3846740722656,341601600,-0.0077353835257595,0.2275316019113311,0.792895271678866,-0.019968770194522,
2020-11-27,SPY,331.1923113139346,337.5885255934708,328.9582800615384,337.11578369140625,199491500,0.0234713701872006,0.168534491639737,0.5952713985623054,0.0,
2020-12-04,SPY,336.33702679385095,342.8445129394531,332.9442959525929,342.8445129394531,317663000,0.0169933581433581,0.1296161666717228,0.8630650840519609,0.0,18.0
2020-12-11,SPY,342.07508856328803,343.95687801184386,336.7356739717107,339.5536804199219,280935500,-0.0095986151019789,0.1227406610154188,0.9098583588877946,-0.0104546867818422,
2020-12-18,SPY,341.7228478589244,345.51616164558806,337.8573183246596,343.6822204589844,392163800,0.0121587256364199,0.1063475655663414,1.288345216180224,-0.0039927743396193,
2020-12-25,SPY,339.7629846416698,352.3212752668946,337.0260363965949,343.5146484375,216995000,-0.0004875783834864,0.0877507403130302,0.8541961385824464,-0.0044784059326474,
2021-01-01,SPY,346.06543601964245,348.78371400805713,345.2182860136059,348.0575866699219,220656900,0.0132248748432874,0.0838711099066367,0.9051679527564522,0.0,19.0
2021-01-08,SPY,349.38880113928235,355.14198358914405,339.6233135802176,354.9278869628906,425078700,0.0197389758364443,0.1042296644582238,1.2834859866687538,0.0,
2021-01-15,SPY,351.7533583363595,354.80683398556437,347.8899635024344,349.7518310546875,306035100,-0.0145834015819227,0.1033282594109172,0.9046234593411278,-0.0145834015819227,
2021-01-22,SPY,352.20952068020125,358.36307102761856,350.72933922047633,356.43597412109375,213770000,0.0191111024243963,0.111571817797098,0.837449864180595,-0.003539574763023,
2021-01-29,SPY,357.17146221981005,359.2008637189769,342.83507435942295,344.5107727050781,457381600,-0.0334567840561575,0.1637408105802106,1.3294547111806776,-0.0372537963004182,
2021-02-05,SPY,347.908707548184,361.63986132194566,344.7993909332433,360.9323425292969,288507800,0.0476663463823718,0.1669658479216236,0.8175057652528158,0.0,19.0
2021-02-12,SPY,362.38468496710107,365.7639351240039,360.7369659355189,365.52191162109375,226577300,0.0127158709569628,0.1645012935272317,0.6999710893093175,0.0,
2021-02-19,SPY,366.75070644597713,366.94622301748575,360.9603340863235,363.0920715332031,246216800,-0.0066475907753773,0.1551170363197569,0.9859931035447632,-0.0066475907753772,
2021-02-26,SPY,360.3273043244353,365.1402251600415,352.1071613879296,354.09002685546875,546504300,-0.0247927327074978,0.1591961212700232,1.6003475321277976,-0.0312755115416322,
2021-03-05,SPY,358.9588307931296,363.92072482785227,346.19569221992555,357.1341857910156,640356900,0.0085971326630711,0.1716130923268244,1.6623220193052568,-0.0229472586003899,21.0
2021-03-12,SPY,358.09305771331407,368.3240394446198,355.0768407972248,366.8437805175781,497580800,0.0271875253416491,0.1827605319659098,1.055001465664989,0.0,
2021-03-19,SPY,367.0951965209388,370.62343505257456,361.5915342319768,363.7677307128906,474082600,-0.0083851763831119,0.1906369383972919,0.9084791204306486,-0.0163730143241388,
2021-03-26,SPY,364.28139952570655,370.2401983720078,358.556056717537,369.8385925292969,492591500,0.0166888409934242,0.17444351095712,0.918986701281266,0.0,
2021-04-02,SPY,368.3628933197625,374.218998554884,366.877863754709,374.1629333496094,396786900,0.0116925083202883,0.1334388127550323,0.9541352323109954,0.0,18.0
2021-04-09,SPY,376.8247498461712,384.4927540631885,376.7500437520767,384.3246154785156,328509800,0.0271584414787859,0.1160037780854362,0.7097944228556068,0.0,
2021-04-16,SPY,383.7269281507639,390.3208894803555,383.11984489042715,389.71380615234375,317182900,0.0140224967560771,0.1022799905215527,0.7460130916049045,0.0,
2021-04-23,SPY,388.7797715143714,390.6383200253725,383.4840383597904,389.2279968261719,397935300,-0.001246579716968,0.1133948770668428,0.996354445109817,-0.0012465797169679,
2021-04-30,SPY,389.8817967410728,392.9453812570922,388.8170522247635,389.75103759765625,318795700,0.001343790209721,0.1031134837502111,0.9073815217345684,-0.0065707906176456,
2021-05-07,SPY,391.7404555728437,394.90669867070073,384.49285157188143,394.2528991699219,371936900,0.011550608306303,0.0983789998475194,1.077560612262901,0.0,18.0
2021-05-14,SPY,394.60780651677413,394.8319533096077,377.3292288931252,389.0785827636719,522147000,-0.0131243585453505,0.1468159280631755,1.35533874068948,-0.0131243585453505,
2021-05-21,SPY,387.9671986859142,390.5917299539856,378.57131179138,387.54693603515625,386007400,-0.0039365999475895,0.1391693647822298,0.9658096954449936,-0.0170092931437781,
2021-05-28,SPY,389.7884757512618,393.44035318988387,389.545631041642,392.3102416992187,267144600,0.012290912973778,0.1404013698630451,0.6752103944830528,-0.0049274399117756,
2021-06-04,SPY,394.67317493272026,395.0001143194918,388.798415050226,394.70123291015625,217391300,0.0060946438731281,0.1400506866593237,0.730658875385574,0.0,16.0
2021-06-11,SPY,394.6919163983461,396.5972121670287,392.5717754098022,396.2982177734375,243716500,0.0040460599818923,0.0911602154089495,0.7356868808659236,0.0,
2021-06-18,SPY,396.41041653956006,397.37240792096816,388.5898708974102,388.7960205078125,383879100,-0.0189306863598208,0.0786557902697897,1.3193177888007548,-0.0211226618191239,
2021-06-25,SPY,390.5576255846459,400.1998499000936,389.7424066854368,399.75006103515625,283207500,0.0281742609223123,0.0902306010364228,0.9548808003058188,0.0,
2021-07-02,SPY,400.27483854601434,406.7684327334074,399.07543014042216,406.412353515625,265096700,0.0166661449987439,0.0878792408422073,0.9019996745585228,0.0,18.0
2021-07-09,SPY,406.4685771019908,408.39888874783514,400.6027723684951,408.0990295410156,306093700,0.0041501593413688,0.0996025969519104,1.23529486493376,0.0,
2021-07-16,SPY,408.0147135517589,410.3479281135863,403.7886192907794,404.1821594238281,300932400,-0.0095978422727268,0.1044030739665766,0.9308910027832624,-0.0131327554457963,
2021-07-23,SPY,399.35647556745073,412.5780733348413,395.4021716073947,412.2407531738281,423964700,0.0199380243835793,0.1117404082146158,1.279103749512054,0.0,
2021-07-30,SPY,411.65041860813767,413.9836556005954,408.53941855758904,410.9007568359375,279975200,-0.0032505188474794,0.1153477324146468,0.8245010357024183,-0.0056914074148249,
2021-08-06,SPY,412.61558301486065,415.0518362349307,408.642539261414,414.6301574707031,249469100,0.0090761590790999,0.1087166310895041,0.7528751042324032,0.0,16.0
2021-08-13,SPY,414.60208735027624,417.86296875743454,413.5244986888596,417.84423828125,206975900,0.0077516812335918,0.1009685924772667,0.6845886082211388,0.0,
2021-08-20,SPY,416.5418093350096,418.9593565822655,408.66125638495504,415.4454345703125,420586700,-0.0057409041244761,0.0778451327062889,1.51096636057816,-0.0080767044282922,
2021-08-27,SPY,417.1320972978909,422.27639048792906,415.5203897980154,421.9015808105469,269312100,0.0155402989249642,0.0858525505594987,0.9407371286239018,0.0,
2021-09-03,SPY,422.5762802722132,425.4623641266029,422.33264109600447,424.5533447265625,246050500,0.0062852666039345,0.0778193306512511,0.8638167923611022,-0.0002429726747367,18.0
2021-09-10,SPY,424.20675973967593,424.3004693240175,417.27268113189905,417.3945007324219,255772000,-0.0168620600521974,0.0863720074991055,1.0757686365078198,-0.0171009357071018,
2021-09-17,SPY,420.3930027876443,420.6553724465294,414.5766484303606,414.9338684082031,436939600,-0.0058952197978195,0.0883780267066811,1.3740225702121245,-0.0228953417301796,
2021-09-24,SPY,408.804889506137,418.2146371474795,403.14582633545695,417.2933654785156,499812500,0.0056864412619872,0.1112496890739115,1.3899322179738458,-0.0173390934841138,
2021-10-01,SPY,416.25933916263614,417.4249802239827,401.6134614508335,408.203125,543882700,-0.0217838126136795,0.1389036290590257,1.31969609398941,-0.0387451945344443,16.0
2021-10-08,SPY,407.03752756364304,415.19712763222657,400.7956450105568,411.6061706542969,479279600,0.0083366477272723,0.1543552043958578,0.9956976168408138,-0.0307315518451298,
2021-10-15,SPY,410.9481219621356,419.50249383265776,405.6650899688843,419.1358642578125,345885500,0.0182934419849594,0.1632049769108357,0.7210160507286296,-0.0130002957209572,
2021-10-22,SPY,417.34989865065023,427.40822132656245,416.69185864151575,425.9511413574219,258932100,0.016260305263253,0.1437887411206501,0.6152424520980331,-0.0010362834476783,
2021-10-29,SPY,427.04154112940193,432.00494170813096,425.2648797352814,431.7135314941406,295327900,0.0135282889919137,0.1068387588462619,0.7942644654704966,0.0,
2021-11-05,SPY,432.7006898838901,442.4300148756388,430.72662751397496,440.4371337890625,269089500,0.0202069234770794,0.0822043822602487,0.886815113434644,0.0,17.0
2021-11-12,SPY,441.53705147758245,442.0352718144265,434.33625155444815,439.2527770996094,259299200,-0.0026890482173109,0.0682583101375113,0.9253914123516166,-0.0035398776578072,
2021-11-19,SPY,440.5406069013292,442.7027064508368,438.2751057858588,440.775634765625,251637500,0.0034669278042385,0.0679257041455027,0.9393814389135968,-0.0017884179326131,
2021-11-26,SPY,442.65573171479053,445.1468335661726,430.32234880945094,431.4504089355469,320496900,-0.0211564004326977,0.1016385317919941,1.416663839020392,-0.0229069818793876,
2021-12-03,SPY,436.24460804442816,438.5852997432788,422.0030024782896,426.2331848144531,631737000,-0.0120922915195871,0.1465054151395278,1.8501982837456932,-0.0347222754962553,21.0
2021-12-10,SPY,428.78067779267633,442.665058357532,426.36476682296546,442.5146484375,405133400,0.0381984890034652,0.1733922008793822,1.00546031225689,0.0,
2021-12-17,SPY,441.99763801115,444.5169470262026,432.1077064463905,433.8151550292969,553968300,-0.0196592213137365,0.1905344257236123,1.2099900266504375,-0.0196592213137365,
2021-12-24,SPY,428.73062942371416,445.4371985113299,425.57986657914137,443.9372863769531,292271000,0.0233328209729617,0.2090413373129282,0.7270934812194829,0.0,
2021-12-31,SPY,445.3145445167092,451.8612805090057,445.26738887680665,448.05023193359375,279152600,0.0092646995034075,0.1645117112308432,0.6216379213584957,-0.0052778498400601,
2022-01-07,SPY,449.3143528535199,452.7859067844487,438.3244142927365,439.6828308105469,420356300,-0.018675140702275,0.1567033491975343,1.0529961746384058,-0.0243243623938643,28.0
2022-01-14,SPY,436.48488919074714,446.38997545502053,430.7304901894249,438.3904113769531,448334500,-0.002939435754658,0.1455688876300573,1.1052953875317406,-0.0271922982479925,
2022-01-21,SPY,433.6925742478842,433.9001108941867,413.1371061330772,413.1654052734375,543717600,-0.0575400498023795,0.1490999685488595,1.6661562151279758,-0.0831677018549416,
2022-01-28,SPY,407.5525363125253,418.8821222815148,396.9210694706066,416.9104309082031,920508000,0.009064228483232,0.1701217557606633,1.7214129798891142,-0.074857324423748,
2022-02-04,SPY,416.2407572007058,432.1644132687847,414.89178329232885,423.2780456542969,629246600,0.015273339964708,0.1994264442417428,0.983432894638902,-0.0607273058238127,29.0
2022-02-11,SPY,424.04216920738406,431.9379206826289,414.070981289909,415.5048522949219,551393100,-0.0183642724662446,0.2201825796351592,0.8287988518085531,-0.0779763654997677,
2022-02-18,SPY,414.9954550498575,422.67426981407993,407.3544084156553,409.62786865234375,531254600,-0.0141441997851967,0.2192800391706561,0.7842583710168899,-0.0910176519928124,
2022-02-25,SPY,407.4204966635997,413.0333532377554,387.3744592030102,412.9484558105469,592717200,0.0081063506961274,0.2458756822014685,1.1917431857935332,-0.0836491223032768,
2022-03-04,SPY,407.552492478369,416.1180952528959,402.9112336256211,407.6845703125,620607300,-0.0127470763577858,0.2172597233722915,1.0210721160969751,-0.0953299169118012,24.0
2022-03-11,SPY,407.09966398019566,407.807171236879,391.60058263341585,396.2702026367187,609269100,-0.0279980369799914,0.2466448264102804,0.9721911987641386,-0.1206589033527964,
2022-03-18,SPY,397.0437030599808,420.959363915533,392.2326473482891,420.63763427734375,555925500,0.0614919604817316,0.256486461608386,0.8971092518990101,-0.0665864953878038,
2022-03-25,SPY,420.4673174183913,428.6430492710812,417.00395167542,428.3686218261719,384264500,0.0183792103198516,0.2382245219968261,0.6602244284593594,-0.0494310922711465,
2022-04-01,SPY,427.7724898649088,437.2446747767382,425.00942048618305,428.5863342285156,445526900,0.0005082361107955,0.2314107764331918,0.8791740240866373,-0.0489479788264392,21.0
2022-04-08,SPY,428.78500420961205,433.2325635157402,419.6440279336592,423.5236511230469,398083400,-0.0118125164083495,0.1814002890664894,0.8736921749154227,-0.060182296431746,
2022-04-15,SPY,420.2496199540027,421.80147227519615,413.1903764318397,414.2691650390625,346074000,-0.0218511671294968,0.1675898830263497,1.0036950947827723,-0.0807184101436758,
2022-04-22,SPY,413.34180271144544,425.8326719146391,402.5826511949937,403.1504211425781,426937000,-0.0268394194760693,0.1841842387441196,1.036058041645665,-0.1053913943504575,
2022-04-29,SPY,400.9078010953179,406.5570449371299,389.1172122790781,389.8647766113281,596614200,-0.0329545594758323,0.2493762021286808,1.3240800314294408,-0.1348728268529269,
2022-05-06,SPY,389.93105502630925,406.5759792490273,383.2598073525532,389.240234375,727288500,-0.0016019457868355,0.2971095114736082,1.423545718136919,-0.1362587136830269,31.0
2022-05-13,SPY,383.3355021930368,384.5751184962438,364.4573366484498,380.1370849609375,659709500,-0.0233869693061904,0.3242322456438926,1.1301651164422553,-0.1564590046346114,
2022-05-20,SPY,378.490650293456,386.6189841546402,360.09503013105126,368.6966552734375,509269500,-0.0300955369526119,0.3409853639875905,0.8251776613505193,-0.1818458238316733,
2022-05-27,SPY,371.72462544104593,393.06322475181946,366.170114114634,392.9496765136719,426273600,0.0657804210950805,0.320042825301662,0.7108134278597278,-0.1280272976026223,
2022-06-03,SPY,391.33149711527295,395.01251209671574,385.06713709140746,388.4832153320313,334006700,-0.0113664966498204,0.2869792692428133,0.7600335717848176,-0.1379385724031568,30.0
2022-06-10,SPY,392.4953952002465,394.2270633255331,368.8102418028828,368.8575439453125,400315000,-0.0505187112651571,0.2939869032826191,0.8775095559285313,-0.1814888047567509,
2022-06-17,SPY,359.4420637467876,363.2744339830128,344.19238154711957,347.6991882324219,645270700,-0.0573618624864769,0.292408038754608,1.3650090603209264,-0.228440131381936,
2022-06-24,SPY,353.4299145965904,370.7264318390768,351.80480446926504,370.7169189453125,344213700,0.0662001278458674,0.3226542368786263,0.9111618172031049,-0.1773627694386796,
2022-07-01,SPY,371.63881476677494,373.64403342980467,354.06663699104956,362.3157958984375,405582500,-0.0226618279812427,0.2972366016592306,0.8683760993541398,-0.1960052328486262,24.0
2022-07-08,SPY,357.221845993929,371.24913544426704,354.38975859425415,369.3769226074219,288787900,0.0194888734880429,0.2966784673141692,0.7637662267951116,-0.1803362805465642,
2022-07-15,SPY,366.696929365384,367.6662874925925,352.6221141267699,366.0126953125,373575900,-0.0091078437471779,0.2381910038521364,0.8597536316861032,-0.1878016496285769,
2022-07-22,SPY,369.1013872756438,380.3155455725048,361.76459566817937,375.4782104492187,350654600,0.0258611661779577,0.2121202377717361,0.9077744983485312,-0.1667972531201584,
2022-07-29,SPY,376.1054757940071,392.52772101696127,370.5934438420618,391.5393371582031,349890300,0.0427751231949491,0.1917192003539602,0.9614850031043796,-0.1311569029760032,
2022-08-05,SPY,388.84033261494034,395.0461841555904,386.62597416207234,392.9459838867187,303725000,0.0035926063999727,0.1968386968379495,0.862821748119641,-0.1280354917050627,26.0
2022-08-12,SPY,394.6375414583589,406.0039093837423,389.8573002309609,405.8993835449219,288667800,0.0329648353447415,0.1895201656306147,0.8668456811636617,-0.0992913252626616,
2022-08-19,SPY,403.6849254995712,410.2994714282671,400.3112321388549,401.1855773925781,293940800,-0.0116132380176972,0.1732828264242061,0.9364954827780568,-0.1097514694869909,
2022-08-26,SPY,396.34816754384633,399.1137361754967,385.13392912672487,385.1909484863281,330007900,-0.0398684045677906,0.2024342079438103,1.0725106420502055,-0.1452442580673647,
2022-09-02,SPY,382.23536401267944,385.6946644031111,370.6789686786316,372.769775390625,405425100,-0.0322467938161947,0.1998814214646173,1.2876355613370825,-0.172807390240675,28.0
2022-09-09,SPY,373.61560273606375,387.2817328762808,369.1394084122668,386.4169006347656,305130200,0.0366100637580926,0.20789026329347,1.113134022209947,-0.1425238160571631,
2022-09-16,SPY,388.488713636019,391.2922912350759,364.6342566105422,367.9264831542969,467945700,-0.0478509543710293,0.2489437642471102,1.2500551369070667,-0.1835548698092562,
2022-09-23,SPY,364.77741710532587,371.5050138173394,346.675007940967,351.12188720703125,469119500,-0.0456737873370705,0.2413369388453033,1.1339397429994846,-0.2208450110579751,
2022-09-30,SPY,349.65230865281546,355.27293178744674,340.7108699138818,340.8444519042969,578341000,-0.029270278148951,0.2437072083498375,1.265897471032646,-0.2436510943054509,
2022-10-07,SPY,344.5660844856892,362.1055681339547,342.78161312339256,346.19793701171875,471548000,0.0157065343957101,0.2868165686325374,0.9674804956214452,-0.2317714742030016,26.0
2022-10-14,SPY,347.3143419995389,353.32627035722425,332.1892890254387,341.2738952636719,516508900,-0.0142231978345965,0.2731546309722872,1.0339888299861908,-0.2426981405075928,
2022-10-21,SPY,347.3620658478121,358.2788655814361,340.93985091780337,357.1719665527344,489399500,0.0465844927189038,0.2942480218534926,0.95178880494582,-0.2074196175480563,
2022-10-28,SPY,358.69881886172783,371.7053430142965,356.0459332134546,371.2282104492187,450644300,0.0393542752869129,0.2831610069869756,0.9034490384285908,-0.1762281909900358,
2022-11-04,SPY,368.7662444084812,372.5356128113788,351.9235523083306,359.1376953125,499634600,-0.0325689556892462,0.2530588982904195,1.0270811329383167,-0.2030575785357315,23.0
2022-11-11,SPY,360.4354853214063,381.0858811736514,356.52305050737357,380.2843017578125,466719200,0.0588816120427349,0.2961714628578067,0.9654393737442392,-0.1561323240546748,
2022-11-18,SPY,378.51889318368023,383.91046764433503,372.2970391508522,377.917724609375,401025300,-0.0062231786521249,0.2770196842394234,0.8622687118137916,-0.1613838633608361,
2022-11-25,SPY,376.5913098444823,384.5020973782574,374.701853876587,383.9295349121094,210479200,0.0159077225312687,0.2707405467476214,0.6031231181266575,-0.1480433905489357,
2022-12-02,SPY,380.83768738823574,391.2487358630156,375.312512286855,388.3000793457031,426499200,0.0113837150731168,0.2609161332375562,1.045954956517834,-0.1383449592522861,21.0
2022-12-09,SPY,385.4755232109301,386.4106846727753,373.7284840801718,375.2934265136719,363375500,-0.0334963949890192,0.1807761866743972,0.9331235864258348,-0.1672072968414511,
2022-12-16,SPY,376.08543250830934,391.7163278716569,365.2829810609633,367.4207458496094,544863500,-0.0209774009025326,0.2052864703183454,1.3965649997912064,-0.1846771232443119,
2022-12-23,SPY,367.6124594366193,371.3895586231339,359.27226326962426,367.0755920410156,392450900,-0.0009393966249663,0.2119760445157402,0.9394009271860408,-0.1854430348029941,
2022-12-30,SPY,366.9606467226907,368.45608223881914,360.854040448147,366.615478515625,273542800,-0.0012534571498808,0.1845401435805771,0.8117516767322714,-0.1864640470550057,
2023-01-06,SPY,368.4752380300906,373.153460042991,362.20567683665195,372.0318298339844,341944900,0.014773929732289,0.1970292422516997,1.025782018172109,-0.1744449240515055,23.0
2023-01-13,SPY,374.2271061896771,382.5961598321735,370.29666890331214,382.0209655761719,362278900,0.0268502180220577,0.1907463302517754,0.8684699277438208,-0.1522785902730722,
2023-01-20,SPY,382.00176656830166,383.6793992551705,371.24572672429906,379.5093078613281,341074900,-0.0065746593542468,0.1821585215852843,1.104111924424985,-0.1578520697693285,
2023-01-27,SPY,380.31452159871134,391.281447303276,377.2852705542339,388.9039916992187,369137600,0.0247548179801786,0.160509828140166,0.9500872902456268,-0.1370048510440844,
2023-02-03,SPY,386.1430772002181,401.01174260046105,383.72729680861056,395.2981567382813,458864300,0.0164415001530964,0.168529519648505,1.1455014238030974,-0.1228159161704042,24.0
2023-02-10,SPY,392.8440909429574,399.2669816692664,388.26171250273467,391.1664123535156,376978100,-0.0104522227446186,0.1676098813497226,0.9350745030683616,-0.1319844396026253,
2023-02-17,SPY,391.8183051444725,397.8865164448738,387.34139205761664,390.4186706542969,380547800,-0.0019115692851026,0.1542069157634135,0.948918101197284,-0.133643711486872,
2023-02-24,SPY,386.3923479856616,387.4468657837822,377.36193273433554,379.9886169433594,370835000,-0.0267150484720876,0.1667620464521635,1.145129175259682,-0.156788461728598,
2023-03-03,SPY,383.3342657519672,387.724935164796,376.1060389057773,387.4756774902344,451837900,0.0197033811357327,0.1513013918035069,1.0725669192438927,-0.140174343411989,24.0
2023-03-10,SPY,388.3000821585358,390.60085911261217,368.42729257488133,369.9515380859375,557051400,-0.0452264243211462,0.1588982763336681,1.2820141106291092,-0.1790611833990464,
2023-03-17,SPY,366.021130129731,380.074864540284,364.90909573022645,375.2897033691406,764346900,0.0144293636696901,0.1774127929614384,1.475519477972068,-0.1672155586637464,
2023-03-24,SPY,376.06910344638334,387.318544760657,374.7219318967555,380.83258056640625,523360300,0.0147695957216646,0.1824045599051964,0.9213282853483308,-0.1549156691419176,
2023-03-31,SPY,383.1132717788515,394.25677808538353,378.850254938649,393.9584655761719,396282600,0.0344662869711505,0.1852780581622484,0.7053564472449956,-0.1257887500797401,
2023-04-07,SPY,393.4388073224312,396.3931196515644,390.3882877815402,393.7659912109375,262936100,-0.0004885651205714,0.161789124743789,0.6009473710322155,-0.1262158592044623,20.0
2023-04-14,SPY,391.2832478731585,399.443589174648,390.6673872737357,396.9127197265625,373375600,0.0079913669180726,0.1343843464310063,0.8168591593477771,-0.1192331295281727,
2023-04-21,SPY,396.8260259193798,400.0498321097644,394.7090262895011,396.6625061035156,334521500,-0.0006303996083049,0.095900483405283,0.8640483392957448,-0.1197883646183261,
2023-04-28,SPY,396.4604040641478,400.26155506482286,388.5598564833992,400.2519226074219,424947300,0.009049044083258,0.1263504345176276,1.1541157395838582,-0.1118232907271609,
2023-05-05,SPY,399.8092778572073,401.8782298985706,388.521450266668,397.0762939453125,440446300,-0.0079340747232939,0.1432505328345472,1.1582563420507843,-0.1188701511060209,20.0
2023-05-12,SPY,397.4034698360924,398.9142936957152,393.4580063527655,396.0755004882813,336048400,-0.0025204059579769,0.1361211774731314,0.8673843272952462,-0.1210909560269248,
2023-05-19,SPY,396.68175616777665,404.8613635204508,394.7667767427343,402.8405151367187,400252400,0.0170801138674259,0.1474389921831294,1.026403027126356,-0.1060790894767544,
2023-05-26,SPY,402.8597493463277,404.9094736202561,394.4299479150844,404.187744140625,421134200,0.003344323505914,0.1327111660159549,1.0566933139436756,-0.1030895287632634,
2023-06-02,SPY,406.12194654378385,412.5790465929496,400.5310457347356,411.78997802734375,363319000,0.0188086699731147,0.1305663325352516,1.1274576972031911,-0.0862198357143408,20.0
2023-06-09,SPY,412.13642960632063,415.7066203629179,409.7691457275,413.6954040527344,362551300,0.0046271792104279,0.1163613893989192,0.9004827545815355,-0.081991611135257,
2023-06-16,SPY,414.6768867959098,428.474279953013,413.9551573440261,424.46588134765625,497085000,0.0260348004580415,0.113679629966597,1.1697295373293717,-0.058091445912355,
2023-06-23,SPY,422.52444796434224,423.41304154167295,417.71436548656794,418.4291076660156,315854400,-0.0142220469227684,0.1085622950706732,0.9153769220284252,-0.0714873135655465,
2023-06-30,SPY,417.8592449307871,429.1407051013052,416.4780427984246,428.155517578125,394119600,0.0232450604747911,0.105063758090879,0.9407924432853496,-0.0499039800177669,
2023-07-07,SPY,427.8078209721531,428.92821645735074,422.1477318870011,423.5868225097656,258004300,-0.0106706439150948,0.100929691618245,0.8026349453010265,-0.0600421163321463,21.0
2023-07-14,SPY,423.2295133382579,435.9598242076378,422.6596473764828,433.9508056640625,361072800,0.0244671991751066,0.10155102953646,0.9081136120495568,-0.0370439795762335,
2023-07-21,SPY,433.8059330908804,440.856806813511,433.7576213779186,436.7518005371094,341107300,0.0064546368770088,0.0927192980946986,0.9354393556290796,-0.0308284481358687,
2023-07-28,SPY,437.9012445599851,443.764119987392,436.1433090250335,441.33013916015625,352473700,0.0104827011987507,0.0876530260061005,1.0049563680790676,-0.0206689123473475,
2023-08-04,SPY,441.8034013690048,442.52781174126136,431.0435102343316,431.5650939941406,375670300,-0.0221263954113768,0.0945825849986347,1.062612959487423,-0.042337979231404,22.0
2023-08-11,SPY,433.40023969323573,436.2882265207825,428.22312774254544,430.4446411132813,370204800,-0.0025962546472181,0.0931845037670815,1.0339106103092557,-0.0448243137032887,
2023-08-18,SPY,429.5271128527488,432.82073974609375,418.23595877170976,421.60687255859375,398245400,-0.0205317193212809,0.1003312051746755,1.0920152376749814,-0.0644357127968449,
2023-08-25,SPY,422.6210106803204,430.0293227205553,420.15800790417546,424.95843505859375,392996600,0.0079494968373272,0.1150858467022267,1.0331015633558498,-0.056998447454607,
2023-09-01,SPY,427.15104351635455,438.1910180232257,424.9585050816311,435.7956237792969,338759900,0.0255017616468982,0.1208134052963775,0.8808227159898807,-0.0329502466289394,19.0
2023-09-08,SPY,435.3512912411451,435.67001880937096,427.6436722589833,430.3190612792969,257939800,-0.0125668138943348,0.1175274626029715,0.8687452786243206,-0.045102980906116,
2023-09-15,SPY,432.94628326819304,435.6893621396805,429.31689007252186,429.7530517578125,383224500,-0.0013153252375148,0.1172734086677578,1.049403691046973,-0.0463589810545579,
2023-09-22,SPY,429.4427711077799,431.30381593271665,416.78395900410345,417.2007751464844,409754900,-0.0292081151256184,0.1181618066205374,1.1230286416812347,-0.0742130377244286,
2023-09-29,SPY,415.9891521320099,418.9939198820318,409.3204343488608,414.35107421875,479118300,-0.0068305264455317,0.1091477121389829,1.2569327259458507,-0.0805366500531804,
2023-10-06,SPY,413.517407554199,417.8889725902115,407.27520783651096,416.3478088378906,458428200,0.0048189439906858,0.1290652354387651,1.094628950090114,-0.0761058076682984,21.0
2023-10-13,SPY,414.44797038266114,423.9081879098467,413.8954989431742,418.2475891113281,397730700,0.0045629645049414,0.12218634950302,0.9060727471202524,-0.0718901112623671,
2023-10-20,SPY,420.4963432402705,424.6836681484373,408.1474828883898,408.2541198730469,489560600,-0.0238936684835765,0.1306946341377532,1.091557095710444,-0.0940660612601933,
2023-10-27,SPY,406.7227914459318,411.7727783774384,396.6421930828526,398.0670471191406,487347000,-0.0249527739170745,0.1357342538350899,1.0631454732554553,-0.1166716260173723,
2023-11-03,SPY,400.85854988329856,422.89049620638866,399.5597081383843,421.3396301269531,459402700,0.0584639778053441,0.1558551483737249,1.0038045509018854,-0.0650287355660208,22.0
2023-11-10,SPY,422.095684981768,427.38793789386506,420.0892276547656,427.0777587890625,366470400,0.0136187727235159,0.1623446610636869,0.8103741292162381,-0.0522955744126758,
2023-11-17,SPY,425.740146607046,437.55584638539665,424.95502612182986,436.9451904296875,376539600,0.0231045317569407,0.1475938901090383,0.8573367465313861,-0.0303993074155001,
2023-11-24,SPY,436.69311009341754,442.36341233286754,436.6834077524104,441.3166198730469,208313100,0.0100045258286525,0.1183378476990132,0.6431171959753541,-0.020698912243059,
2023-12-01,SPY,440.68658238826873,445.53303530779465,439.4167950935211,444.99993896484375,344703100,0.0083462052547587,0.0973753652443031,0.9720790140554127,-0.0125254643584308,23.0
2023-12-08,SPY,441.60739008872554,446.5992278993257,440.3570216637853,446.0661315917969,361538900,0.0023959388161562,0.0968229906343896,1.0516378253676653,-0.0101595357885211,
2023-12-15,SPY,445.57182828523526,459.1806035101216,445.3585838256798,456.7601318359375,487187500,0.0239740242236703,0.0719851063971074,1.3825832942001113,-0.001646500086714,
2023-12-22,SPY,458.36590058529424,463.1541148518432,455.2905320048418,460.9643859863281,382886000,0.0092045120783457,0.0944762074044582,1.012251848502845,-0.0025061364021034,
2023-12-29,SPY,461.373187704544,464.7599568571368,460.6238099818957,462.5799865722656,322828500,0.0035048273468689,0.0947950965480889,1.002319867445126,-0.0028949148158422,
2024-01-05,SPY,459.5143439023402,460.9839117212058,453.93779478135224,455.3879089355469,397560700,-0.0155477492444329,0.1001328982058831,1.1630897584624929,-0.0183976546506344,25.0
2024-01-12,SPY,455.8842729564319,465.7818595429952,455.7577499275728,463.9132690429687,344088200,0.018721094566058,0.0984648904344388,0.7936792457090791,-2.098431708447714e-05,
2024-01-19,SPY,462.5313529638,469.79154925027024,457.285609165358,469.5093078613281,356549500,0.0120626832465984,0.111071664970385,1.0822471133816296,0.0,
2024-01-26,SPY,471.0469524804882,476.02008943226616,469.8498844138423,474.35589599609375,356721800,0.0103226667791576,0.0932372693663703,0.8699788031997213,-0.0012703469310979,
2024-02-02,SPY,474.66734997690736,482.7644982110768,469.9277517507619,481.1100463867187,437072100,0.0142385716033781,0.1160080644269309,1.1040661363989503,0.0,26.0
2024-02-09,SPY,480.47743909484853,488.2145108276318,477.10037355108614,487.7765808105469,318555200,0.0138565687287051,0.1110171487665034,0.8220590688670338,0.0,
2024-02-16,SPY,487.747352637465,490.0149359961155,477.57729349036913,486.1318359375,375205200,-0.0033719225927448,0.1188097029077576,0.9806438645899296,-0.0049799822528089,
2024-02-23,SPY,484.3897857981468,496.4673780025352,480.3411949189208,494.2484436035156,268754400,0.016696309655102,0.1391843603044397,0.904913867565484,0.0,
2024-03-01,SPY,494.6863927584272,499.54275051356746,491.2314815795864,499.1145324707031,316517400,0.0098454308357744,0.1177816656696351,0.8963659297616378,0.0,24.0
2024-03-08,SPY,498.3165563504212,504.3407152276024,491.3872121731412,498.0148315429687,336221900,-0.0022033037633482,0.1252237681176928,1.00530735439691,-0.0060021960724692,
2024-03-15,SPY,496.80801634913047,503.5232071984046,494.881035254285,497.7171020507813,408593800,-0.0005978325811401,0.1161655618407822,1.1943537882983786,-0.0103833573569437,
2024-03-22,SPY,501.7879780994152,511.65774627628207,498.9764238973626,508.82672119140625,358570100,0.0223211521059838,0.0945403653708441,1.0141055169493836,-0.001895730965677,
2024-03-29,SPY,507.4500936500791,512.145845947325,506.0835014250274,510.6424560546875,293270500,0.0035684738785528,0.097336640485435,1.0099901406676182,-0.0001911456255406,
2024-04-05,SPY,511.38442447935097,511.92134520134493,500.57746403679687,506.1127624511719,367268200,-0.0088705777394869,0.0998196237925803,0.987892325570796,-0.0090600277928966,26.0
2024-04-12,SPY,506.8157102301138,508.3776462974431,496.9848635757255,498.71282958984375,361763900,-0.0146211149181247,0.1120319294276794,0.9715006452346228,-0.0235486750034999,
2024-04-19,SPY,502.8911540643935,503.05709839116423,482.1264983587833,483.3956298828125,418256400,-0.0307134663442056,0.1076992478482011,1.1287942423383774,-0.053538879910535,
2024-04-26,SPY,486.00217973304706,497.765862650216,483.65920663681294,496.1843566894531,321951200,0.0264560248708511,0.1271253313181513,0.8566797059543921,-0.0284992809781541,
2024-05-03,SPY,497.9709059194509,500.37240813782097,487.68131503899394,499.1423645019531,339448700,0.0059615096135554,0.1392361314482592,0.9330702268319572,-0.0227076701021293,24.0
2024-05-10,SPY,501.54392863434595,510.2227068337735,501.1046081667102,508.4654846191406,237750100,0.0186782785438184,0.1284321009595344,0.6875058456930989,-0.0044535317455598,
2024-05-17,SPY,510.1446354052488,518.8917465910545,507.3916278750611,516.8709106445312,263189600,0.0165309667610706,0.1116902195224241,0.8650541397596323,-0.0006228690661483,
2024-05-24,SPY,516.9881429675341,520.4049281460258,512.2532779910508,516.8611450195312,218093500,-1.88937407754608e-05,0.1071767371299081,0.7995736408819267,-0.0036133820090756,
2024-05-31,SPY,517.6715656559873,517.9058540671648,506.0443890267406,514.84033203125,218623300,-0.0039097792661605,0.094337337027434,1.080717002034981,-0.0075090337491762,
2024-06-07,SPY,516.451054820419,524.1342729417532,510.1835444330277,521.3226928710938,203111800,0.0125910120799361,0.0877818234163998,0.8397425226203736,-0.0012342277850107,24.0
2024-06-14,SPY,520.5123511854081,531.1924214122917,519.4090826052437,529.8842163085938,220171600,0.0164226947235865,0.0804444441520405,0.9422605155551188,0.0,
2024-06-21,SPY,529.2008719569648,537.0498966218076,528.7420075865693,533.2879638671875,231882700,0.0064235684963516,0.0843870809280294,1.2284138386599144,-0.0040538226918777,
2024-06-28,SPY,533.1117619254674,538.9391321933387,531.260682360104,533.0039672851562,233201500,-0.0005325388931938,0.0673620688581115,0.9675098871847856,-0.0045842027668217,
2024-07-05,SPY,534.3848928648134,543.6108134486142,531.339002473828,543.2092895507812,155010900,0.019146803573725,0.0558417090105186,0.8411915149379673,0.0,28.0
2024-07-12,SPY,543.9927968223914,552.0531865568831,542.7685583933277,548.4490356445312,208240000,0.0096459066414036,0.0706060267919649,0.9109600727795018,-0.0023694559344146,
2024-07-19,SPY,550.4469096394806,553.5124331903285,536.6180223784818,537.67578125,255958100,-0.0196431276096068,0.0966036627025264,1.121796741484654,-0.0280953060779127,
2024-07-26,SPY,541.6030975244146,545.2659625762393,526.3736048145187,533.2195434570312,267223700,-0.0082879645101526,0.1386545441954609,1.1554243018932122,-0.03615041768839,
2024-08-02,SPY,534.7668786438925,543.4345294348678,517.7059303208597,521.9173583984375,311250600,-0.0211961193044765,0.1666319679304904,1.2688284263276803,-0.0565802884266368,38.0
2024-08-09,SPY,501.0954398761734,523.4941863094633,499.75364959699385,522.0054931640625,410688200,0.0001688672817772,0.2115088825861662,1.3640875611398815,-0.0564209757043685,
2024-08-16,SPY,523.2002926739822,543.5814973816967,520.0074696393324,542.8861083984375,242599600,0.0400007576698282,0.222032326035591,0.7767748819948722,-0.0186770998111857,
2024-08-23,SPY,543.2973511166235,551.5732334533072,542.4452860411917,550.5447998046875,221129600,0.0141073630136601,0.2051305031077445,0.7362336023284941,-0.0048332214246043,
2024-08-30,SPY,551.5732410031779,552.5721684331874,543.601060631449,552.0628662109375,210963800,0.0027573894200594,0.1768905109495671,0.7479515905084606,-0.0020891590781662,
2024-09-06,SPY,548.9190687874888,549.2520879225416,528.3224880929642,529.2235107421875,220583100,-0.0413709323097695,0.1506215486218076,1.1490279109018782,-0.0433736609291285,29.0
2024-09-13,SPY,533.4251872668898,551.4263657909838,528.8318231688719,550.4273681640625,243219100,0.0400659777796694,0.1395537065338801,1.0282297902892976,-0.0050454912844687,
2024-09-20,SPY,550.1628688432331,561.0733295553275,548.3608236054457,558.2459106445312,297840600,0.0142044944213934,0.1449143241655566,1.2141355591616043,-0.0017284177261265,
2024-09-27,SPY,559.3166610051752,564.5921534543987,557.6071931426925,561.4091186523438,219788100,0.0056663344011966,0.1392345115351989,0.8515301886401749,-0.0014503630087085,
2024-10-04,SPY,560.3775886747461,564.2678934162012,555.3182683616095,562.8925170898438,258109600,0.0026422770635805,0.0949512444101961,0.988675370377806,-0.0013595039559345,29.0
2024-10-11,SPY,561.2421538745174,570.1131388058892,556.6543868115797,569.3763427734375,211681700,0.0115187633282376,0.0980135048924838,0.843050600933239,0.0,
2024-10-18,SPY,570.9873775872582,575.8011814159861,568.3546560789198,574.298095703125,192956700,0.0086441120923881,0.0890169631976739,0.8116246570161652,0.0,
2024-10-25,SPY,573.5711395635755,574.5535342943244,564.3072352656649,568.8458251953125,202185500,-0.0094937986885316,0.0952166973292807,0.9324498539623278,-0.0094937986885315,
2024-11-01,SPY,572.3235609618828,573.0506139584433,558.4324763422399,560.9866943359375,220360200,-0.0138159243001854,0.1112574240510458,1.0778525775626475,-0.0231785573847151,35.0
2024-11-08,SPY,561.1241350696315,589.0832980878612,557.8920784523416,587.6588134765625,239555400,0.047545012047385,0.1396771818592384,1.1416395562193844,0.0,
2024-11-15,SPY,589.2501914582232,589.6038391769904,573.5810036102117,575.437744140625,242874400,-0.0207961985010286,0.1446793277359554,1.1144864850055811,-0.021728219561862,
2024-11-22,SPY,575.8994574754852,585.654687007179,573.7480186357969,585.0259399414062,221423000,0.0166624381150053,0.1417282863212701,0.9611042151815552,-0.0054278265606557,
2024-11-29,SPY,588.965270737662,592.7278593888155,584.7213185752529,591.9419555664062,152240300,0.0118217247353045,0.1188847051914492,0.8192488722949434,0.0,
2024-12-06,SPY,592.3546375311288,598.3472020292826,591.7355863186759,597.109375,161443900,0.0087296049637997,0.0744119899844197,0.7488119101327667,0.0,33.0
2024-12-13,SPY,596.9914414878755,597.7183970026139,591.5293123546073,593.5728149414062,168103400,-0.0059228010925029,0.0792238570508586,0.8436951895288125,-0.0059228010925029,
2024-12-20,SPY,595.3313514350289,597.0800432616006,572.6036351958548,582.697265625,419353600,-0.0183221822877447,0.1330544095287281,1.9852899681284988,-0.0241364647389768,
2024-12-27,SPY,582.4409930028329,593.8652307760627,579.2571372355378,586.5020141601562,196984300,0.0065295458887646,0.143250182958107,1.0260709910271406,-0.0177645190043176,
2025-01-03,SPY,579.4838439796579,584.1264484268344,572.1994566718678,583.4857788085938,201724000,-0.0051427536116507,0.1522905542602437,0.9796600952478396,-0.0228159140716995,39.0
2025-01-10,SPY,587.7440065436294,591.1249540533898,570.2773736421228,572.1896362304688,228482200,-0.0193597564643138,0.1657359294867676,1.033375518161542,-0.0417339599960748,
2025-01-17,SPY,567.5372072518853,590.7898562052613,567.1231694250464,589.0353393554688,254621200,0.0294407693854394,0.1799815249192816,0.856713854282172,-0.0135218705024205,
2025-01-24,SPY,592.0810894520482,602.0465502262632,590.1096871636119,599.2766723632812,166485700,0.0173866189743705,0.1412202931560001,0.7842638121810049,-0.002919278551188,
2025-01-31,SPY,586.3049484329972,601.2382204124732,586.1373960687419,593.214599609375,257820000,-0.0101156494712201,0.1394385563697076,1.0212432098977935,-0.0130053976238756,
2025-02-07,SPY,584.1954832564219,599.4344951653416,582.0466619706364,592.1797485351562,216528100,-0.001744480117145,0.1343500427684575,0.8753611965819607,-0.0147271900834503,38.0
2025-02-14,SPY,595.3930719758379,602.2535886001177,589.9519786805068,600.9820556640625,169013200,0.0148642488208692,0.1110671955914418,0.7555049374277593,-8.1849880413872e-05,
2025-02-21,SPY,602.1450746766837,604.4615308486234,590.8982614234848,591.361572265625,170833900,-0.0160079378539969,0.1175882934998406,1.0232400238728545,-0.0211932876119609,
2025-02-28,SPY,593.4118748152965,594.4074426853949,574.1117771132394,585.6838989257812,315266100,-0.0096010184058651,0.128873749644643,1.4236720762996586,-0.030590828873383,
2025-03-07,SPY,587.6553155599406,588.798762606637,557.5420942942741,567.6849365234375,416381600,-0.0307315301570628,0.158842990974124,1.6212267359307042,-0.0603822560503939,56.0
2025-03-14,SPY,559.4742288830657,561.396298293426,541.8201680493273,554.7625122070312,393756600,-0.0227633736338759,0.1954540925994088,1.2610612230890934,-0.0817711258289385,
2025-03-21,SPY,554.742702735982,562.7860764826731,551.0661118946721,557.5880737304688,328327300,0.0050932812893151,0.1996015328709744,0.9285679888158064,-0.0770943278848142,
2025-03-28,SPY,564.3307537296456,569.8771730865459,548.7790863172526,549.3623657226562,262797700,-0.0147523026322631,0.2095679964335584,0.7336874407509002,-0.0907093116608896,
2025-04-04,SPY,543.5984615291653,560.9891058051336,499.3358369172059,499.5533447265625,569903400,-0.0906669697524198,0.3212875053493931,1.565604427720848,-0.1731519429966885,100.0
2025-04-11,SPY,483.64569927250346,542.4021606445312,476.33944038650816,527.888427734375,924492800,0.0567208353360582,0.5223471234000585,1.9676083636095985,-0.126252430507464,
2025-04-18,SPY,537.8839447885014,538.111379094838,514.3931980244283,520.44384765625,288279800,-0.0141025635096342,0.5249154978952969,0.6825569345731597,-0.138574511097621,
2025-04-25,SPY,515.2533065114334,544.804618673288,502.6972625032136,544.3992919921875,361176900,0.046028874092407,0.5454354219035976,0.6667581193818352,-0.0989240657289431,
2025-05-02,SPY,545.1407910444296,561.9381825044319,535.3826699025942,560.3365478515625,312393800,0.0292749386228148,0.510186342047504,0.5785940196353894,-0.0725451230586626,42.0
2025-05-09,SPY,556.194064255589,563.8463828556478,549.738030089525,557.9439697265625,245246100,-0.0042698948233406,0.2026776079358059,0.6286930508102729,-0.0765052578365965,
2025-05-16,SPY,574.8798371188,587.7621029517821,570.5000520977247,587.4655151367188,360544500,0.0529113083247838,0.1963092584100977,1.1216470169460913,-0.0276419427976715,
2025-05-23,SPY,581.4346564328234,588.7903364922698,569.0763411937487,572.5465698242188,370870100,-0.0253954401204775,0.1584756129080817,1.1641490913940855,-0.0523354036150171,
2025-05-30,SPY,579.4276923460704,586.4769332279744,571.8742669840636,582.7100830078125,301608500,0.0177514174728425,0.1733755019534171,1.1376874412787925,-0.0355130137403543,
2025-06-06,SPY,581.0985213264464,594.0203968199735,578.4291102147669,592.3495483398438,341418300,0.0165424721711944,0.1646463517290551,0.987569501355261,-0.0195580146106748,40.0
2025-06-13,SPY,592.9229477814916,598.2025114763902,588.7310943639458,590.23388671875,346556600,-0.0035716438495198,0.1279379323408394,0.973395141314496,-0.0230598041976014,
2025-06-20,SPY,593.5952983788304,597.5993850121447,587.8735160730708,589.2816162109375,332849900,-0.0016133782374078,0.1178513744541879,1.1407743228043206,-0.0246359782487576,
2025-06-27,SPY,590.0351069773628,611.2056913389495,586.9116378864132,609.7380981445312,382082900,0.0347142713616768,0.0998358497341423,1.0317821442761264,0.0,
2025-07-04,SPY,612.1873024714439,621.0124795190609,609.8669572755672,620.0803833007812,280108800,0.0169618483537803,0.1002832786553599,0.9330102588896028,0.0,42.0
2025-07-11,SPY,618.1169852960921,621.5974919629854,612.6731706581298,618.3748168945312,321151600,-0.0027505569474252,0.1000385916197411,0.8682471273557748,-0.0035154238705955,
2025-07-18,SPY,617.9186632768227,624.175571102461,612.8516386863737,622.301513671875,349710600,0.0063500269902057,0.0783205792696079,0.9692907826827424,-0.0007324129021104,
2025-07-25,SPY,623.4815063476562,632.2174590489252,620.9231528797274,631.741455078125,322104800,0.0151694013253318,0.0656523830909575,0.9364396786290514,0.0,
2025-08-01,SPY,632.1181999979412,634.4682782312485,614.0812292944926,616.4907836914062,439381100,-0.0241406848705739,0.086712955931958,1.297640885378576,-0.0241406848705737,77.0
2025-08-08,SPY,620.4075271113948,632.2868791777582,620.3183179857707,631.82080078125,343884300,0.0248665795099984,0.1035986099221724,0.9528968745902356,0.0,
2025-08-15,SPY,632.0983749269875,640.7549961752953,629.3218771812983,638.0281372070312,311485900,0.0098245205256077,0.107071436957014,0.8693617195821364,-0.0023412898567806,
2025-08-22,SPY,637.4529805837014,641.0623176031913,627.626407225106,639.88232421875,341334900,0.0029061210683207,0.1198081902304427,0.9629527632969876,0.0,
2025-08-29,SPY,638.6230253017661,644.0173236548059,636.1738713484165,639.6245727539062,287238700,-0.0004028107279855,0.1043215632782632,0.8416088790565105,-0.0059637758926218,
2025-09-05,SPY,632.13804448044,646.7243105506017,629.5797276837342,641.7960815429688,303202500,0.0033949739918732,0.0969121834670161,1.1677677963930366,-0.0028963378641082,66.0
2025-09-12,SPY,643.1645472258064,653.5662677492645,641.7762803015634,651.8805541992188,350016000,0.0157128922196057,0.0904366249433692,1.054684869143206,-0.0003346129431468,
2025-09-19,SPY,654.0918582328915,660.7874850308027,648.7967821934204,659.9423217773438,415298400,0.0123669398115859,0.0852378417142301,1.1925764367964913,0.0,
2025-09-26,SPY,658.4508309420254,663.5617612775759,650.7048739536411,658.072998046875,378044600,-0.0028325562231473,0.0777380089148348,1.023236512263296,-0.0075280407597814,
2025-10-03,SPY,660.5985670660314,668.8714672806448,657.8641309647478,665.421142578125,359722800,0.011166154139524,0.0578598813303367,0.9475276599337048,-1.4767362221657006e-05,66.0
2025-10-10,SPY,667.8174482099862,670.1342452495495,649.14378031214,649.32275390625,413270100,-0.0241927820470251,0.1168746580148496,1.0887948095693325,-0.0298465364344308,
2025-10-17,SPY,656.9095884512618,666.4352795829697,649.4718888267987,660.62841796875,457106900,0.0174114706353452,0.1306729715012141,1.142155099052696,-0.0129547378917807,
2025-10-24,SPY,663.5418206897375,674.628651928334,659.5445816579371,673.4155883789062,337267400,0.0193560707689102,0.1353021801601803,0.85518449800873,0.0,
2025-10-31,SPY,678.8645527756448,685.795149064121,675.3942622450203,678.1983032226562,374234900,0.0071021742387393,0.1471215411385516,0.9609711175724304,-0.0077541192139794,
2025-11-07,SPY,681.7878948104295,681.9171636388411,657.4663915648358,667.1710815429688,395772100,-0.0162595831149804,0.1199279349446205,0.9940809418501084,-0.0238876235831167,62.0
2025-11-14,SPY,673.4056154266486,681.0819968300743,659.5147291242073,668.1256713867188,397413300,0.0014308021887614,0.1315500063798528,1.0458811205444534,-0.0224909998584623,
2025-11-21,SPY,665.9083353081996,671.7351497651099,647.1650267848305,655.2987670898438,588876300,-0.0191983407406758,0.1430784339345032,1.4286573118434736,-0.0412575507202568,
2025-11-28,SPY,658.9380055466532,679.7991961322198,657.8442577670318,679.5208129882812,282606600,0.0369633625376812,0.149796402855864,0.7954038463869119,-0.0058192059872651,
2025-12-05,SPY,674.9667014318244,684.4925257185774,674.8970904760725,681.8078002929688,322604800,0.0033655883101362,0.1374655622929944,0.7544561473168285,-0.0024732027287741,60.0
2025-12-12,SPY,682.7027235077143,685.3476304583654,675.3247225627367,677.9000854492188,398546900,-0.0057314023718575,0.120261146924183,0.9573883421162548,-0.0107519689275339,
2025-12-19,SPY,681.8574988128718,681.8774049984522,667.3998140691156,678.7363891601562,535716400,0.001233668100784,0.1070045519121726,1.2600310302769369,-0.0095315651878363,
2025-12-26,SPY,682.0772531068674,689.7761694005526,678.7364013691785,688.4298706054688,215455600,0.0142816586824037,0.0869068445690276,0.6834484513107469,-0.0001014150322431,
2026-01-02,SPY,685.6674092439482,687.322922191004,679.8533550408816,680.062744140625,183865000,-0.0121539271058719,0.0893067834319165,0.8010958983531138,-0.0122541095472058,60.0
2020-01-03,TSLA,28.299999237060547,30.266666412353516,28.11400032043457,29.534000396728516,409659000,0.0296332582979208,,,0.0,19.0
2020-01-10,TSLA,29.364667892456055,33.253334045410156,29.333332061767575,31.87666702270508,1508389500,0.0793210061118594,,,-0.028426873407846,
2020-01-17,TSLA,32.900001525878906,36.49399948120117,32.79999923706055,34.03333282470703,1623726000,0.0676565652383232,,,-0.0509740998483857,
2020-01-24,TSLA,35.349998474121094,39.633331298828125,35.227333068847656,37.654666900634766,1247656500,0.1064055082286496,,,-0.0128976031808254,
2020-01-31,TSLA,36.132667541503906,43.53333282470703,35.95199966430664,43.371334075927734,1318846500,0.1518182909539056,0.5972313989335845,1.1361565829170803,0.0,
2020-02-07,TSLA,44.91266632080078,64.59933471679688,44.90133285522461,49.871334075927734,3200578500,0.1498685742204937,1.1878765834418976,1.7756479080584682,-0.1566861132113104,40.0
2020-02-14,TSLA,53.33333206176758,54.66600036621094,49.0,53.33533477783203,1355883000,0.0694587535322486,1.1414244083967489,0.7241393051545517,-0.0981105817985322,
2020-02-21,TSLA,56.106666564941406,62.98533248901367,55.490665435791016,60.06666564941406,1106316000,0.126207717634498,1.1583071754350591,0.752474376510145,-0.0178980003587583,
2020-02-28,TSLA,55.93333435058594,57.56666564941406,40.76800155639648,44.53266525268555,1426024500,-0.2586126635927235,1.2947597873890706,0.7803857122663468,-0.2718820144057198,
2020-03-06,TSLA,47.41733169555664,53.79866790771485,45.61800003051758,46.89866638183594,1268154000,0.0531295649098326,0.839656740930019,0.7763510019194528,-0.2331974226280721,31.0
2020-03-13,TSLA,40.35933303833008,44.53333282470703,33.46666717529297,36.44133377075195,1313100000,-0.2229771850214946,1.0343036072703882,0.9813332550980388,-0.4041769027976915,
2020-03-20,TSLA,31.299999237060547,32.9913330078125,23.367332458496097,28.50200080871582,1901269500,-0.2178661465022526,1.4088795504311142,1.3510042945464842,-0.5339865849821955,
2020-03-27,TSLA,28.906667709350582,37.33333206176758,27.36666679382324,34.29066848754883,1384957500,0.2030968884494193,1.534688162616515,0.9235730192024332,-0.4393407104163917,
2020-04-03,TSLA,34.017333984375,36.19733428955078,29.760000228881836,32.000667572021484,1283149500,-0.0667820435276396,1.5250517666201358,0.8959250829883733,-0.4767826834975397,22.0
2020-04-10,TSLA,34.08000183105469,38.345333099365234,33.19733428955078,38.20000076293945,886914000,0.1937251207952335,1.42895048721019,0.7576409082217767,-0.3754223456559427,
2020-04-17,TSLA,39.34400177001953,51.663333892822266,38.70199966430664,50.259334564208984,1656225000,0.3156893602203579,0.9516356553949562,1.1297438901130854,-0.1782498255481356,
2020-04-24,TSLA,48.8466682434082,51.03799819946289,44.919334411621094,48.34333419799805,1133548500,-0.0381222788328634,0.9051971196396168,0.8472105112989444,-0.2095768148295436,
2020-05-01,TSLA,49.17399978637695,57.987998962402344,45.5359992980957,46.75466537475586,1696846500,-0.0328622104701246,0.9522780543905108,1.242030196779306,-0.2355518679010814,19.0
2020-05-08,TSLA,46.73333358764648,54.93333435058594,46.53333282470703,54.62799835205078,1124493000,0.1683967346186152,0.9496866135696288,0.7983648072800802,-0.1068212986703237,
2020-05-15,TSLA,52.70066833496094,56.21933364868164,50.88666534423828,53.27799987792969,1135389000,-0.0247125744095729,0.8000820788460972,0.8621033764023943,-0.1288940437879793,
2020-05-22,TSLA,55.185333251953125,55.64799880981445,53.06666564941406,54.45866775512695,762805500,0.0221605142817373,0.686992843623482,0.629999466876401,-0.1095898878044362,
2020-05-29,TSLA,55.633331298828125,55.66666793823242,52.33333206176758,55.66666793823242,579889500,0.0221819635496269,0.5637994585811262,0.6685106744937317,-0.089838843151495,
2020-06-05,TSLA,57.20000076293945,60.57733154296875,56.939998626708984,59.04399871826172,797313000,0.0606706114290291,0.4011712864987911,0.866606438724584,-0.0346188092665437,19.0
2020-06-12,TSLA,61.26666641235352,68.49866485595703,60.61066818237305,62.35200119018555,1152093000,0.0560260575796791,0.5842007652702595,1.3390303844051488,-0.08757624184104,
2020-06-19,TSLA,61.18600082397461,67.94667053222656,60.56666564941406,66.72666931152344,871060500,0.0701608294494726,0.6111898874111662,0.9790044202032882,-0.0235598341592028,
2020-06-26,TSLA,66.663330078125,67.46666717529297,62.47666549682617,63.982666015625,626950500,-0.0411230370736422,0.6352893243799588,0.7224263195408881,-0.0637140192992672,
2020-07-03,TSLA,64.60066986083984,81.86666870117188,63.23466873168945,80.57733154296875,847828500,0.2593618953497687,0.6721560001647048,1.2180705694283147,0.0,43.0
2020-07-10,TSLA,85.11266326904297,103.2613296508789,84.40266418457031,102.97666931152344,1401391500,0.2779855989225703,0.7512144207672673,1.4297930818193254,0.0,
2020-07-17,TSLA,110.5999984741211,119.66600036621094,95.4000015258789,100.05599975585938,1536031500,-0.0283624395233498,0.7496529677458087,1.3868258361170724,-0.0292171114572609,
2020-07-24,TSLA,101.267333984375,112.5999984741211,91.10266876220705,94.46666717529295,1366722000,-0.0558620431978551,0.8845745555110281,1.0976093082316762,-0.1375532475901758,
2020-07-31,TSLA,95.66666412353516,104.3133316040039,94.1999969482422,95.38400268554688,916702500,0.0097106793082017,0.8905311394036312,0.6829198724485426,-0.1291783037571239,
2020-08-07,TSLA,96.61333465576172,101.82733154296876,94.33399963378906,96.84733581542967,555912000,0.0153414942619574,0.6616800122319585,0.4726761814493492,-0.1158185977010261,44.0
2020-08-14,TSLA,96.53333282470705,111.25333404541016,91.0,110.04733276367188,1064706000,0.1362969547597938,0.8219042379140212,1.115404313280849,0.0,
2020-08-21,TSLA,111.8000030517578,139.69932556152344,111.52200317382812,136.6653289794922,1365352500,0.2418777043236735,0.7670317978468357,1.393575843803916,0.0,
2020-08-28,TSLA,141.7519989013672,154.5659942626953,128.50132751464844,147.55999755859375,1331041500,0.0797178674390519,0.6989643084507822,1.3018841696061048,-0.0113232994399078,
2020-09-04,TSLA,148.20333862304688,167.49667358398438,124.00666809082033,139.44000244140625,1506928800,-0.0550284308182041,0.9465488859737508,1.237341003917322,-0.1605394357708414,69.0
2020-09-11,TSLA,118.66666412353516,132.99667358398438,109.95999908447266,124.23999786376952,1021738800,-0.1090074893251948,1.2054933813158049,0.925541602321914,-0.2520469242649734,
2020-09-18,TSLA,126.98332977294922,153.97999572753906,124.43333435058594,147.38333129882812,1247352300,0.1862792484948006,1.2468431428630096,0.9145367573793723,-0.1127187874076781,
2020-09-25,TSLA,151.0433349609375,151.89332580566406,117.0999984741211,135.77999877929688,1343704200,-0.0787289337082824,1.3074568347702131,0.9835360885748876,-0.1825734911744634,
2020-10-02,TSLA,141.5399932861328,149.6266632080078,137.1999969482422,138.3633270263672,810768000,0.0190258379017174,1.1977601191354994,0.6562561315093598,-0.1670212669209818,30.0
2020-10-09,TSLA,141.11666870117188,146.3333282470703,135.35000610351562,144.6666717529297,619030800,0.0455564697816299,0.831312008598392,0.578998662667997,-0.129073696438727,
2020-10-16,TSLA,147.3333282470703,155.3000030517578,145.53334045410156,146.55667114257812,568748400,0.0130645114506833,0.6453164804883206,0.6298131276713362,-0.1176954697731492,
2020-10-23,TSLA,148.74667358398438,149.0,135.7933349609375,140.2100067138672,522074400,-0.0433051895845572,0.4510516940288827,0.7497740870414125,-0.1559038347259366,
2020-10-30,TSLA,137.2100067138672,143.5,126.37000274658205,129.34666442871094,424631100,-0.0774790797016761,0.3872120726041186,0.7465243309675813,-0.2213036287910849,
2020-11-06,TSLA,131.3333282470703,146.6666717529297,130.76666259765625,143.31666564941406,436909200,0.1080043407567163,0.4529057624109116,0.8666494002141489,-0.1372010405690188,35.0
2020-11-13,TSLA,146.5,150.8333282470703,132.00999450683594,136.1666717529297,366303300,-0.0498894798039393,0.4330626865699656,0.7860944516089099,-0.1802456318304106,
2020-11-20,TSLA,136.30999755859375,169.5366668701172,134.69667053222656,163.20333862304688,784374300,0.1985556856319024,0.632069230086601,1.642072316987603,-0.0193482550207578,
2020-11-27,TSLA,167.8333282470703,199.5933380126953,167.26333618164062,195.2533264160156,571200300,0.1963807117144524,0.6551625141340061,1.3072491477971322,0.0,
2020-12-04,TSLA,200.73666381835935,202.6000061035156,180.40333557128903,199.67999267578125,668506800,0.0226713999757115,0.6230504006113681,1.112794957968419,0.0,45.0
2020-12-11,TSLA,201.63999938964844,218.1066741943359,188.77999877929688,203.3300018310547,916272300,0.018279293315079,0.6957541812195379,1.325692171619676,-0.0613805391268271,
2020-12-18,TSLA,206.3333282470703,231.6666717529297,201.6666717529297,231.6666717529297,1252812600,0.1393629551305453,0.6339469545798205,1.519484507060724,0.0,
2020-12-25,TSLA,222.0800018310547,222.8333282470703,204.7433319091797,220.58999633789065,497399700,-0.0478129863533077,0.6336699714613047,0.699863958158098,-0.0478129863533077,
2021-01-01,TSLA,224.836669921875,239.5733337402344,218.3333282470703,235.22332763671875,443055900,0.0663372389580778,0.6089245411132691,0.6624134968410179,0.0,54.0
2021-01-08,TSLA,239.82000732421875,294.8299865722656,239.06333923339844,293.3399963378906,756413400,0.2470701749059842,0.5798759787320671,0.9138747269531996,0.0,
2021-01-15,TSLA,283.1333312988281,289.3333435058594,267.8733215332031,275.38665771484375,626786100,-0.061203173270538,0.6573245298410325,0.778045686654636,-0.0612031732705379,
2021-01-22,TSLA,279.26666259765625,286.5,276.2066650390625,282.21331787109375,274861500,0.0247893642084826,0.5474909716694758,0.5423829062109513,-0.0379309968149735,
2021-01-29,TSLA,285.0,300.1333312988281,260.0333251953125,264.510009765625,459023400,-0.0627302362589247,0.6195078856379289,0.8039125260996738,-0.1014166108041118,
2021-02-05,TSLA,271.42999267578125,293.5,265.1866760253906,284.07666015625,307381200,0.0739731944661088,0.5950240126890529,0.5955425169564836,-0.0349455270111089,47.0
2021-02-12,TSLA,289.8900146484375,292.5899963378906,261.77667236328125,272.0400085449219,350779800,-0.0423711388493081,0.4530215245614122,0.890040825365286,-0.0758359840832669,
2021-02-19,TSLA,272.6666564941406,273.6666564941406,254.0033264160156,260.4333190917969,248142600,-0.0426653767407466,0.4463256865722452,0.8607776005100416,-0.1152657899925956,
2021-02-26,TSLA,254.2133331298828,256.1666564941406,206.3333282470703,225.1666717529297,662270100,-0.1354152666097093,0.6129349655871031,1.676051355107567,-0.2350723089194789,
2021-03-05,TSLA,230.0366668701172,240.3699951171875,179.8300018310547,199.3166656494141,709177200,-0.1148038735141063,0.6194143548926562,1.5561552846186617,-0.3228889708137244,46.0
2021-03-12,TSLA,200.1833343505859,239.28334045410156,186.26333618164065,231.2433319091797,749261100,0.1601806158844876,0.996437215402397,1.2982461589592909,-0.2144289091364875,
2021-03-19,TSLA,231.3633270263672,237.72666931152344,208.2066650390625,218.2899932861328,534067800,-0.0560160525110157,1.0447812337000173,0.8373854125324508,-0.2584335006134341,
2021-03-26,TSLA,228.19667053222656,233.2066650390625,199.9633331298828,206.23666381835935,530631000,-0.0552170499724834,0.95854848932675,0.826824627650522,-0.2993806150679816,
2021-04-02,TSLA,205.2133331298828,230.80667114257812,197.0033264160156,220.5833282470703,410115300,0.0695640831416213,0.9116852524291502,0.8056292617349696,-0.2506426699239391,34.0
2021-04-09,TSLA,235.90333557128903,236.05332946777344,222.6133270263672,225.67333984375,425356200,0.0230752325532892,0.5235503884010042,0.7779609254102461,-0.2333510752669221,
2021-04-16,TSLA,228.5666656494141,260.2633361816406,227.3633270263672,246.5933380126953,535902900,0.0927003525690262,0.535060324420824,1.050299820435479,-0.1622824496475008,
2021-04-23,TSLA,239.86666870117188,251.2566680908203,230.6000061035156,243.13333129882812,511413000,-0.0140312254246262,0.5392500304380524,1.0178289545747772,-0.1740366534386625,
2021-04-30,TSLA,247.0,249.76666259765625,222.04666137695312,236.47999572753903,457051800,-0.0273649669329446,0.5449837714601701,0.9401316813835372,-0.1966391131051376,
2021-05-07,TSLA,234.6000061035156,235.3333282470703,216.6666717529297,224.1233367919922,389814300,-0.0522524490815013,0.5300794643858915,0.8263067847594188,-0.2386166869416811,30.0
2021-05-14,TSLA,221.63333129882812,221.6833343505859,186.5500030517578,196.5800018310547,567827100,-0.1228936502337566,0.472856757907537,1.194501820672461,-0.3321858615104889,
2021-05-21,TSLA,191.8500061035156,198.8933258056641,182.32666015625,193.6266632080078,496953300,-0.0150235964774536,0.4616890626011786,1.037643878666033,-0.3422188316490937,
2021-05-28,TSLA,193.86666870117188,211.8633270263672,191.21665954589844,208.4066619873047,420932700,0.0763324561525864,0.4514874099923239,0.8778636778200328,-0.2920087794579511,
2021-06-04,TSLA,209.26666259765625,211.26666259765625,190.4066619873047,199.6833343505859,286609500,-0.0418572398479762,0.513602394886689,0.7771062677644472,-0.3216433377864411,23.0
2021-06-11,TSLA,197.27667236328125,207.69667053222656,194.2933349609375,203.29666137695312,315919800,0.0180952859091547,0.4151617481201727,0.7216001138063588,-0.3093682800353069,
2021-06-18,TSLA,204.07666015625,209.4499969482422,197.8333282470703,207.77000427246097,322783500,0.0220040155367495,0.3791948467789397,0.8671609664025393,-0.2941716089390316,
2021-06-25,TSLA,208.16000366210935,232.5399932861328,202.9600067138672,223.9566650390625,460649700,0.0779066296084542,0.3997631375792349,1.299018425471655,-0.2391828979095136,
2021-07-02,TSLA,223.8800048828125,233.3333282470703,223.44000244140625,226.3000030517578,310870200,0.010463354650716,0.2891864645239551,0.8708542705928448,-0.2312221987460109,19.0
2021-07-09,TSLA,227.23666381835935,228.0,206.82000732421875,218.98333740234375,248970900,-0.0323317081340941,0.3220472835222527,0.8878703698087547,-0.2560780982361256,
2021-07-16,TSLA,220.73333740234375,231.0933380126953,212.6266632080078,214.7400054931641,315344700,-0.0193774191201738,0.3581341417943959,0.8859847446064286,-0.2704933847192811,
2021-07-23,TSLA,209.9633331298828,221.6199951171875,207.09666442871097,214.4600067138672,241344300,-0.0013038966756747,0.2866508046417146,0.7244615448434153,-0.2714445859698282,
2021-07-30,TSLA,216.9900054931641,232.5099945068359,209.0800018310547,229.0666656494141,402622500,0.0681090109030684,0.3397527665167377,1.2995866858398215,-0.2218233973321578,
2021-08-06,TSLA,233.3333282470703,242.31333923339844,232.5433349609375,233.03334045410156,302343900,0.017316682868028,0.3366460258832997,0.9349167951126048,-0.2083479598884393,19.0
2021-08-13,TSLA,236.72332763671875,243.3000030517578,233.13333129882812,239.05667114257812,216416400,0.0258475060982226,0.2803907806841533,0.7310763638747018,-0.1878857289539855,
2021-08-20,TSLA,235.02333068847656,236.5,216.27999877929688,226.7533264160156,287710500,-0.0514662262624102,0.3680823792720028,0.963234716085838,-0.2296821857785719,
2021-08-27,TSLA,228.47999572753903,238.9900054931641,226.9166717529297,237.30667114257812,219125100,0.0465410800951191,0.3444966050915466,0.7866207665727778,-0.1938307626881953,
2021-09-03,TSLA,238.2400054931641,247.3300018310547,237.57666015625,244.52333068847656,242061900,0.0304106897254587,0.3275078886987406,0.9955600532247064,-0.1693146001460962,17.0
2021-09-10,TSLA,246.6666717529297,254.8166656494141,244.83999633789065,245.42333984375,204284100,0.0036806678231453,0.337907172307041,1.024997527459671,-0.1662571231236972,
2021-09-17,TSLA,246.73666381835935,253.67999267578125,236.28334045410156,253.163330078125,296888100,0.0315373030099854,0.2210207949944474,1.1861140492416262,-0.1399631213832322,
2021-09-24,TSLA,244.85333251953125,258.26666259765625,239.5399932861328,258.1300048828125,268605600,0.0196184605533304,0.2529062655390883,1.0367148273365214,-0.1230905218056795,
2021-10-01,TSLA,257.7066650390625,266.3333435058594,254.52999877929688,258.40667724609375,328147200,0.001071833409707,0.258262129556767,1.1744505832573668,-0.1221506209296621,28.0
2021-10-08,TSLA,265.5,268.989990234375,257.739990234375,261.8299865722656,298449300,0.0132477587756436,0.2316658647257348,1.0065875889436993,-0.1105210841143896,
2021-10-15,TSLA,262.54998779296875,281.07000732421875,261.8333435058594,281.010009765625,244536600,0.0732537301951303,0.2515343192904639,0.8404221518451594,-0.045363435595848,
2021-10-22,TSLA,283.92999267578125,303.3333435058594,283.8233337402344,303.2266540527344,329948100,0.0790599747875138,0.2231167833550716,1.1302956373538753,0.0,
2021-10-29,TSLA,316.84332275390625,371.7366638183594,314.73333740234375,371.3333435058594,662775600,0.2246065395071783,0.4648069091875081,1.873079500921236,0.0,
2021-11-05,TSLA,381.6666564941406,414.4966735839844,372.88665771484375,407.36334228515625,541323600,0.0970287193687691,0.5407830815287019,1.2782360926664986,-0.006358169933862,42.0
2021-11-12,TSLA,383.2633361816406,399.0,329.10333251953125,344.47332763671875,549971700,-0.1543830976436124,0.7971622492749155,1.112772243149529,-0.1597596736077401,
2021-11-19,TSLA,339.2099914550781,379.5733337402344,326.20001220703125,379.0199890136719,405913800,0.1002883492140382,0.8102037114621851,0.7538722196178191,-0.0754933583307956,
2021-11-26,TSLA,387.4433288574219,400.6499938964844,354.0,360.6400146484375,310455900,-0.0484934169648012,0.7070660413093768,0.7783868862088269,-0.1203258443919884,
2021-12-03,TSLA,366.9966735839844,390.9466552734375,333.4033203125,338.3233337402344,373556700,-0.0618807675292439,0.6735110584458923,0.8569451232389038,-0.1747607563166518,28.0
2021-12-10,TSLA,333.836669921875,357.4599914550781,316.8333435058594,339.010009765625,298756800,0.0020296442985447,0.5520116082596923,0.7564816521629598,-0.1730858141907743,
2021-12-17,TSLA,333.6966552734375,335.0,303.0133361816406,310.8566589355469,407779800,-0.0830457804167552,0.5572589427575715,1.1317263592608986,-0.2417575480889871,
2021-12-24,TSLA,303.5666809082031,357.6600036621094,295.3733215332031,355.6666564941406,314345400,0.144150032725806,0.6621638379789831,1.1047395224692078,-0.1324568738319193,
2021-12-31,TSLA,357.8900146484375,373.0,351.04998779296875,352.260009765625,275398500,-0.0095782010101692,0.6157059313375678,0.7640820599001271,-0.1407663762793476,
2022-01-07,TSLA,382.5833435058594,402.6666564941406,336.6666564941406,342.32000732421875,458800800,-0.0282177998235445,0.7569442068368301,1.266030155890746,-0.1650120586751558,30.0
2022-01-14,TSLA,333.3333435058594,371.8666687011719,326.6666564941406,349.8699951171875,411751500,0.0220553506410101,0.7640186781138031,1.0600893833137168,-0.1465961068482213,
2022-01-21,TSLA,342.2033386230469,356.92999267578125,313.5,314.6333312988281,316090500,-0.1007135916486836,0.7328183069102289,1.02323309839508,-0.2325454780545064,
2022-01-28,TSLA,301.586669921875,329.2300109863281,264.0033264160156,282.1166687011719,624927600,-0.1033478000039767,0.8044641231676842,1.4635362375949716,-0.3118602145006769,
2022-02-04,TSLA,290.9033203125,314.5666809082031,287.3500061035156,307.7733459472656,396848100,0.0909434999506189,0.7324824788448949,0.8485423781547883,-0.2492783739521004,25.0
2022-02-11,TSLA,307.92999267578125,315.92333984375,283.5666809082031,286.6666564941406,309755700,-0.0685786788591544,0.6863751975738551,0.7058274839089748,-0.3007618712574616,
2022-02-18,TSLA,287.19000244140625,308.80999755859375,279.2033386230469,285.6600036621094,300017100,-0.0035115797712311,0.7124448450678775,0.7147086732306672,-0.3032173017256273,
2022-02-25,TSLA,278.0433349609375,285.57666015625,233.3333282470703,269.9566650390625,389934900,-0.0549721291806094,0.6661937837138469,1.2400045177021852,-0.3415209302259798,
2022-03-04,TSLA,271.6700134277344,296.6266784667969,271.57000732421875,279.42999267578125,377040300,0.0350920309203997,0.6155509399601609,1.0256433496609767,-0.3184135623490339,26.0
2022-03-11,TSLA,285.4333190917969,288.71331787109375,260.72332763671875,265.1166687011719,337762800,-0.0512232915212397,0.6553960056610564,0.9181142604324768,-0.3533266631417525,
2022-03-18,TSLA,260.2033386230469,302.6166687011719,252.01333618164065,301.7966613769531,389019300,0.1383541550045854,0.6651109957270309,1.0305817218101665,-0.2638567200567341,
2022-03-25,TSLA,304.99334716796875,346.8999938964844,302.36334228515625,336.8800048828125,439478700,0.1162482823560442,0.6088559266674057,1.1081376044373037,-0.1782813281953851,
2022-04-01,TSLA,355.0333251953125,371.5899963378906,351.20001220703125,361.5299987792969,339241800,0.0731714365328959,0.5844503763273997,0.8852591460868744,-0.1181549925535382,27.0
2022-04-08,TSLA,363.1266784667969,384.2900085449219,340.5133361816406,341.8299865722656,385920300,-0.0544906709638156,0.5961782841313996,1.003996162583766,-0.1662073186953867,
2022-04-15,TSLA,326.79998779296875,342.0799865722656,324.3666687011719,328.3333435058594,238876500,-0.0394834964648513,0.6030448670917666,0.7830531504641989,-0.1991283690800964,
2022-04-22,TSLA,329.6766662597656,364.0733337402344,324.4700012207031,335.01666259765625,347387100,0.0203552859433469,0.570108165302411,0.996212611108961,-0.1828263980288073,
2022-04-29,TSLA,326.3233337402344,336.2066650390625,273.8999938964844,290.2533264160156,494512800,-0.1336152531475721,0.6394231667578343,1.3697359104146056,-0.2920132557217016,
2022-05-06,TSLA,286.92333984375,318.5,281.03668212890625,288.54998779296875,386556900,-0.0058684551322094,0.6766860381412587,1.011374892084841,-0.2961680441646977,32.0
2022-05-13,TSLA,278.8166809082031,281.8766784667969,226.6666717529297,256.5299987792969,504900300,-0.1109686029051084,0.7842556348106984,1.230130108027963,-0.3742712929837112,
2022-05-20,TSLA,255.72000122070312,256.586669921875,211.0,221.3000030517578,489416400,-0.1373328495504684,0.8291743100458003,1.076669489823152,-0.4602043993637885,
2022-05-27,TSLA,218.33999633789065,253.26666259765625,206.8566741943359,253.2100067138672,465433500,0.1441934171805967,0.9066990216673342,1.0012812703213192,-0.3823694271290006,
2022-06-03,TSLA,257.9466552734375,264.2099914550781,233.4166717529297,234.51666259765625,385029300,-0.0738254556319127,0.9028804841836364,1.0162507190746233,-0.4279662855834014,27.0
2022-06-10,TSLA,244.35333251953125,255.54666137695312,227.913330078125,232.22999572753903,427251600,-0.0097505518149052,0.8073762541136842,0.8999743764269583,-0.4335439299556934,
2022-06-17,TSLA,223.1666717529297,235.663330078125,208.69332885742188,216.7599945068359,519920400,-0.0666150002381826,0.8241003832732285,1.0883783030637404,-0.4712784011966148,
2022-06-24,TSLA,224.60333251953125,246.8333282470703,224.3333282470703,245.7066650390625,423873900,0.1335424952288122,0.8119661153888044,1.0941712706014732,-0.4006715996110436,
2022-07-01,TSLA,249.36666870117188,252.07000732421875,218.8633270263672,227.26333618164065,431527500,-0.075062387316558,0.7259534085926971,0.8953833308297579,-0.4456586201308525,21.0
2022-07-08,TSLA,223.0,254.97999572753903,216.1666717529297,250.76333618164065,340219500,0.103404272747354,0.6874974117512691,0.8998672523530551,-0.3883373528917186,
2022-07-15,TSLA,252.10333251953125,253.06333923339844,225.03334045410156,240.0666656494141,433367100,-0.0426564373209583,0.6380763544923792,0.9185587157855868,-0.4144287022596645,
2022-07-22,TSLA,244.93666076660156,280.78668212890625,236.97666931152344,272.24334716796875,497796900,0.1340322757077174,0.5550854330411965,1.111485859706279,-0.3359432486344059,
2022-07-29,TSLA,272.2166748046875,298.32000732421875,256.2633361816406,297.1499938964844,399040200,0.0914867047720682,0.5650656113809267,0.913325185332661,-0.2751908846703231,
2022-08-05,TSLA,301.27667236328125,313.6066589355469,285.5433349609375,288.1700134277344,478140600,-0.0302203622857155,0.6065390697623908,1.0629850146644682,-0.2970948787235751,27.0
2022-08-12,TSLA,295.0,305.20001220703125,279.35333251953125,300.0299987792969,429969600,0.0411562091783594,0.5923300254233146,0.9533791425150656,-0.2681659685197824,
2022-08-19,TSLA,301.78668212890625,314.6666564941406,292.5,296.6666564941406,355157400,-0.0112100199941348,0.5186160513483385,0.8032160692064607,-0.2763698426450642,
2022-08-26,TSLA,291.913330078125,303.64666748046875,286.2966613769531,288.0899963378906,287481800,-0.0289100914056359,0.4212222302977377,0.7128432904330188,-0.2972900566380701,
2022-09-02,TSLA,282.8299865722656,288.4800109863281,266.1499938964844,270.2099914550781,249690900,-0.0620639560904492,0.3577766100197862,0.7141943948726357,-0.3409030157072069,21.0
2022-09-09,TSLA,272.67999267578125,299.8500061035156,265.739990234375,299.67999267578125,213940100,0.1090633290871569,0.3626116260892782,0.872171222294871,-0.2690197044089291,
2022-09-16,TSLA,300.7200012207031,309.1199951171875,290.3999938964844,303.3500061035156,341416200,0.0122464412621128,0.3625330559728413,1.2035393478453174,-0.2600677971552111,
2022-09-23,TSLA,300.0899963378906,313.79998779296875,272.82000732421875,275.3299865722656,318723500,-0.0923686137052143,0.4153346537031979,1.0950883657611457,-0.3284143089678296,
2022-09-30,TSLA,271.8299865722656,289.0,262.4700012207031,265.25,320014100,-0.0366105657351635,0.478816044085216,1.0536639516883244,-0.3530014410561581,
2022-10-07,TSLA,254.5,257.5,222.02000427246097,223.07000732421875,448139900,-0.1590197650359331,0.5557176085866454,1.3147658645599123,-0.4558869998779952,23.0
2022-10-14,TSLA,223.92999267578125,226.9900054931641,204.16000366210935,204.9900054931641,397406400,-0.0810507967786834,0.5637559957443902,1.0849648987967195,-0.4999877920755236,
2022-10-21,TSLA,210.0399932861328,229.82000732421875,202.0,214.44000244140625,415404100,0.0460997936241203,0.6733523556161558,1.0781984904419943,-0.4769373324806644,
2022-10-28,TSLA,205.82000732421875,233.80999755859375,198.58999633789065,228.52000427246097,412758400,0.0656593996957348,0.6680585158126133,0.9944722417067628,-0.442593351728095,
2022-11-04,TSLA,226.19000244140625,237.3999938964844,203.0800018310547,207.47000122070312,342474400,-0.0921144873892974,0.5789852565166159,0.86638591359279,-0.4939385794010479,21.0
2022-11-11,TSLA,208.6499938964844,208.8999938964844,177.1199951171875,195.97000122070312,596889200,-0.0554297003534814,0.6632835946475842,1.409327641981911,-0.521989412305305,
2022-11-18,TSLA,192.77000427246097,200.82000732421875,176.5500030517578,180.19000244140625,390472900,-0.080522522227906,0.5694717405401812,0.8811232415548375,-0.5604800304781256,
2022-11-25,TSLA,175.85000610351562,185.1999969482422,166.19000244140625,182.86000061035156,331544400,0.0148176820731966,0.6489170244389815,0.9570269056924592,-0.5539673633049293,
2022-12-02,TSLA,179.9600067138672,198.9199981689453,178.75,194.86000061035156,439140800,0.0656239744063562,0.6892628402948798,0.971914544921862,-0.5246969289700524,31.0
2022-12-09,TSLA,189.44000244140625,191.27000427246097,169.05999755859375,179.0500030517578,471983600,-0.0811351611878926,0.599415255473021,1.0471668573083603,-0.5632607202511676,
2022-12-16,TSLA,176.10000610351562,177.3699951171875,150.0399932861328,150.22999572753906,687706200,-0.1609606636861534,0.6355183543901569,1.467555545620553,-0.6335585645773524,
2022-12-23,TSLA,154.0,155.25,121.0199966430664,123.1500015258789,821451300,-0.1802569058896408,0.6146955747432451,1.4728450758169445,-0.6996121639163975,
2022-12-30,TSLA,117.5,124.4800033569336,108.23999786376952,123.18000030517578,809414500,0.0002435954439721,0.7377415726292408,1.4984171353963154,-0.6995389908081028,
2023-01-06,TSLA,118.47000122070312,118.8000030517578,101.80999755859376,113.05999755859376,790689200,-0.0821562162811327,0.863411488311544,1.2552737551025122,-0.7242237304633198,36.0
2023-01-13,TSLA,118.95999908447266,125.9499969482422,114.91999816894533,122.4000015258789,891852300,0.0826110398812336,0.8882958711118552,1.0185113818660465,-0.7014415660623272,
2023-01-20,TSLA,125.6999969482422,136.67999267578125,124.30999755859376,133.4199981689453,691307300,0.0900326511902573,0.903704694659384,0.9368203980220304,-0.6745615587197074,
2023-01-27,TSLA,135.8699951171875,180.67999267578125,134.27000427246094,177.89999389648438,1095958300,0.3333832734071511,0.8723635198721774,1.161262596440098,-0.5660658258731625,
2023-02-03,TSLA,178.0500030517578,199.0,162.77999877929688,189.97999572753903,1091608900,0.0679033290922075,0.7042168792456462,1.1169693377789494,-0.5366002508430726,31.0
2023-02-10,TSLA,193.0099945068359,214.0,189.5500030517578,196.88999938964844,973057500,0.036372269804761,0.7343024739078873,0.9773657822123284,-0.5197453501392783,
2023-02-17,TSLA,194.4199981689453,217.6499938964844,187.61000061035156,208.30999755859375,1013262600,0.0580019208915985,0.7597878300706326,0.9930836963000504,-0.4918896579302342,
2023-02-24,TSLA,204.9900054931641,209.7100067138672,191.77999877929688,196.8800048828125,660435200,-0.0548701109391842,0.7084606544369226,0.7987714898181921,-0.5197697287689492,
2023-03-03,TSLA,202.02999877929688,211.22999572753903,186.0099945068359,197.7899932861328,806720000,0.0046220458185275,0.5971103264604318,0.8523362804878609,-0.5175500824518753,22.0
2023-03-10,TSLA,198.5399932861328,198.6000061035156,168.44000244140625,173.44000244140625,789636400,-0.1231103274749633,0.6128700014113252,0.8982192961921005,-0.5769446497914938,
2023-03-17,TSLA,167.4600067138672,186.22000122070312,163.91000366210938,180.1300048828125,711837700,0.0385724305075836,0.5239565449207483,0.8539761390084483,-0.5606263766947148,
2023-03-24,TSLA,178.0800018310547,200.66000366210935,176.35000610351562,190.41000366210935,693958500,0.0570698856416771,0.565155519611247,0.9111243168475875,-0.5355513742587129,
2023-03-31,TSLA,194.4199981689453,207.7899932861328,185.42999267578125,207.4600067138672,623640500,0.0895436307118284,0.5243988759360696,0.8698812857655238,-0.4939629580307189,
2023-04-07,TSLA,199.91000366210935,202.69000244140625,179.74000549316406,185.05999755859375,553750100,-0.1079726618642598,0.5277958447933633,0.9795953016739148,-0.5486011244540583,20.0
2023-04-14,TSLA,179.94000244140625,191.5800018310547,176.11000061035156,185.0,617553500,-0.0003242059839254,0.5183350995484752,0.9239279022351388,-0.5487474706706476,
2023-04-21,TSLA,186.32000732421875,189.69000244140625,160.55999755859375,165.0800018310547,668971700,-0.1076756657780826,0.5365755947975562,1.0364648647597527,-0.5973363872002294,
2023-04-28,TSLA,164.64999389648438,165.64999389648438,152.3699951171875,164.30999755859375,664901000,-0.00466443096632,0.5766577703192303,1.0069874538315553,-0.599214583824783,
2023-05-05,TSLA,163.1699981689453,170.7899932861328,158.8300018310547,170.05999755859375,559718500,0.0349948273716547,0.5190209073871395,0.8747624822591721,-0.5851891673726544,18.0
2023-05-12,TSLA,173.72000122070312,177.3800048828125,166.55999755859375,167.97999572753906,582794600,-0.012230988244828,0.507080059345583,0.9507429069727752,-0.5902627137903469,
2023-05-19,TSLA,167.66000366210938,181.9499969482422,164.35000610351562,180.13999938964844,575071900,0.0723895938289742,0.3922366353998746,0.9470099045100908,-0.560601998065044,
2023-05-26,TSLA,180.6999969482422,198.6000061035156,178.22000122070312,193.1699981689453,685490800,0.0723326236451937,0.3843720882416648,1.146576473075608,-0.5288191877606326,
2023-06-02,TSLA,200.1000061035156,217.25,195.1199951171875,213.97000122070312,591958700,0.107677192363828,0.3848594460127443,1.1964625179284891,-0.4780837608029896,29.0
2023-06-09,TSLA,217.8000030517578,252.4199981689453,212.52999877929688,244.3999938964844,848497600,0.1422161634910381,0.3584807255835512,1.2496040873116043,-0.4038588356007195,
2023-06-16,TSLA,247.94000244140625,263.6000061035156,244.58999633789065,260.5400085449219,811384500,0.0660393414546223,0.3169872687382538,1.0941989750088148,-0.3644900656897994,
2023-06-23,TSLA,261.5,276.989990234375,248.25,256.6000061035156,721745000,-0.0151224468879486,0.4193248167595444,1.1354252809849557,-0.3741005309181691,
2023-06-30,TSLA,250.07000732421875,264.45001220703125,240.6999969482422,261.7699890136719,748633800,0.0201480233327455,0.4867154319167798,0.9012111334474447,-0.3614898938111555,
2023-07-07,TSLA,276.489990234375,284.25,272.8800048828125,274.42999267578125,485428100,0.048363082833946,0.5417462257429714,0.7573247427720144,-0.3306095766552326,24.0
2023-07-14,TSLA,276.4700012207031,285.29998779296875,265.1000061035156,281.3800048828125,539813800,0.0253252647032722,0.5061720943618518,0.7360409039079703,-0.3136570869941908,
2023-07-21,TSLA,286.6300048828125,299.2900085449219,255.8000030517578,260.0199890136719,722999700,-0.0759116337283329,0.5646563535604244,1.0651418240570665,-0.365758498818325,
2023-07-28,TSLA,255.8500061035156,272.8999938964844,254.1199951171875,266.44000244140625,560265300,0.0246904611144984,0.5346024769406782,0.8907143413794977,-0.3500987836961977,
2023-08-04,TSLA,267.4800109863281,269.0799865722656,250.4900054931641,253.86000061035156,466610100,-0.0472151393025946,0.4879148358790477,0.8007471321590012,-0.3807839601569076,20.0
2023-08-11,TSLA,251.4499969482422,253.6499938964844,238.02000427246097,242.6499938964844,517873600,-0.0441582237726114,0.4824966158569643,0.9072591891134696,-0.4081274406078891,
2023-08-18,TSLA,235.6999969482422,240.66000366210935,212.36000061035156,215.4900054931641,556272400,-0.1119307194992424,0.3474729006089913,1.0288659217639238,-0.4743761620325062,
2023-08-25,TSLA,221.5500030517578,240.82000732421875,220.5800018310547,238.58999633789065,573612700,0.1071975045518265,0.4290942475003882,1.0852700826178832,-0.4180305982694374,
2023-09-01,TSLA,242.5800018310547,261.17999267578125,235.3500061035156,245.0099945068359,605113000,0.0269080777379,0.524325624718628,1.0989432507950645,-0.402370920366592,18.0
2023-09-08,TSLA,245.0,258.0,243.27000427246097,248.5,480110000,0.0142443392980309,0.5423408024086486,1.0460703639413478,-0.3938580889819238,
2023-09-15,TSLA,264.2699890136719,278.9800109863281,260.6099853515625,274.3900146484375,663743600,0.1041851696114186,0.6062149364488666,1.092398168714842,-0.3307070911739162,
2023-09-22,TSLA,271.1600036621094,273.92999267578125,244.47999572753903,244.8800048828125,575237500,-0.1075476810022942,0.6016743600991592,0.9560178593375956,-0.4026879914294415,
2023-09-29,TSLA,243.3800048828125,254.77000427246097,234.5800018310547,250.22000122070312,588809000,0.0218065837610794,0.5342084348746762,0.970015306301848,-0.3896626570830489,
2023-10-06,TSLA,244.80999755859375,263.6000061035156,242.6199951171875,260.5299987792969,592798300,0.0412037307501249,0.5167382238780929,0.9801042134197028,-0.3645144815387523,18.0
2023-10-13,TSLA,255.30999755859375,268.94000244140625,250.22000122070312,251.1199951171875,541322100,-0.0361186953755791,0.3661672437126838,0.9304210181200772,-0.3874673893956459,
2023-10-20,TSLA,250.0500030517578,257.17999267578125,210.4199981689453,211.9900054931641,616410700,-0.1558218795192434,0.4908342157068026,1.0691388657685914,-0.4829133720468453,
2023-10-27,TSLA,210.0,222.0500030517578,202.5099945068359,207.3000030517578,585973400,-0.0221236960228177,0.4892688528193466,0.9868408865101046,-0.4943532394211449,
2023-11-03,TSLA,209.27999877929688,226.3699951171875,194.07000732421875,219.9600067138672,621700600,0.0610709284888359,0.5345873655201788,1.0537807613698555,-0.4634729222652221,17.0
2023-11-10,TSLA,223.97999572753903,226.32000732421875,205.69000244140625,214.6499938964844,613925200,-0.0241408103987297,0.5644855617614182,1.0240487107729035,-0.4764251207226019,
2023-11-17,TSLA,215.6000061035156,246.6999969482422,211.61000061035156,234.3000030517578,719922800,0.0915444198183843,0.5091153394365836,1.1349565587200114,-0.4284947621676718,
2023-11-24,TSLA,234.0399932861328,244.0099945068359,231.02000427246097,235.4499969482422,421683900,0.0049082111886711,0.49916331949673,0.8410132895372737,-0.4256896937649589,
2023-12-01,TSLA,236.88999938964844,252.75,231.8999938964844,238.8300018310547,649667900,0.0143555104124952,0.4411388964023536,1.0341410428816886,-0.4174451761837983,17.0
2023-12-08,TSLA,235.75,246.66000366210935,233.2899932861328,243.83999633789065,578776200,0.0209772410016557,0.38704844178411,0.9168978327189938,-0.4052247832479287,
2023-12-15,TSLA,242.7400054931641,254.1300048828125,228.1999969482422,253.5,636290500,0.0396161573457516,0.3080677372856188,1.0465493384540436,-0.3816620746757251,
2023-12-22,TSLA,253.77999877929688,259.8399963378906,247.0,252.5399932861328,551215200,-0.0037870087332038,0.3396848100786385,0.9192205752091244,-0.3840037257989993,
2023-12-29,TSLA,254.4900054931641,265.1300048828125,247.42999267578125,248.47999572753903,407898300,-0.0160766518829897,0.3344802995219322,0.8723206236627936,-0.3939068834605476,
2024-01-05,TSLA,250.0800018310547,251.25,234.8999938964844,237.4900054931641,420855000,-0.0442288732426802,0.3592527854503058,0.928030631419232,-0.4207136990852319,20.0
2024-01-12,TSLA,236.13999938964844,241.25,217.1499938964844,218.88999938964844,502418200,-0.0783191110080252,0.3911299348705961,0.9158687650107952,-0.4660828871920039,
2024-01-19,TSLA,215.1000061035156,223.4900054931641,207.55999755859375,212.19000244140625,429375100,-0.030608967823676,0.3230855916966538,1.0200632539491783,-0.4824255389184538,
2024-01-26,TSLA,212.2599945068359,217.8000030517578,180.05999755859375,183.25,653348300,-0.1363872100873258,0.4553380003559232,1.216196594417698,-0.5530160756778171,
2024-02-02,TSLA,185.6300048828125,196.36000061035156,182.0,187.91000366210935,540672800,0.0254297607754947,0.4943443518577409,0.9703807156779914,-0.5416493814118122,18.0
2024-02-09,TSLA,184.2599945068359,194.1199951171875,175.00999450683594,193.57000732421875,536015900,0.0301208214134618,0.5263751633092878,0.936388612243704,-0.5278434842845676,
2024-02-16,TSLA,192.11000061035156,203.1699981689453,182.11000061035156,199.9499969482422,495639600,0.0329595979884285,0.5830537704837088,0.8907986198460561,-0.5122813953389698,
2024-02-23,TSLA,196.1300048828125,199.44000244140625,189.1300048828125,191.97000122070312,379627500,-0.0399099567358569,0.407312714548978,0.8748158218152282,-0.5317462237502639,
2024-03-01,TSLA,192.2899932861328,205.6000061035156,192.0,202.63999938964844,488348800,0.0555815914002015,0.3934257157183789,0.9586075212737434,-0.5057199336871497,18.0
2024-03-08,TSLA,198.72999572753903,199.75,173.6999969482422,175.33999633789062,549590200,-0.1347216893702397,0.4786372717182482,1.0926022677311835,-0.5723101792428511,
2024-03-15,TSLA,175.4499969482422,182.8699951171875,160.50999450683594,163.57000732421875,502780200,-0.0671266639642811,0.4209651148676584,0.9955902199755616,-0.6010195701217599,
2024-03-22,TSLA,170.02000427246094,178.17999267578125,165.89999389648438,170.8300018310547,418091100,0.0443846315446181,0.4874104771275051,0.8405976925632908,-0.5833109707481009,
2024-03-29,TSLA,168.75999450683594,184.25,168.72999572753906,175.7899932861328,346873600,0.029034662541205,0.4836441296857925,0.9058269443049098,-0.5712125453991497,
2024-04-05,TSLA,176.1699981689453,177.19000244140625,160.50999450683594,164.89999389648438,547482400,-0.0619489152145469,0.4452313942990933,1.1658914062909116,-0.5977754630692792,24.0
2024-04-12,TSLA,169.33999633789062,179.22000122070312,167.7899932861328,171.0500030517578,451146100,0.0372953874039201,0.4486270490553996,0.9407694611613072,-0.5827743431410856,
2024-04-19,TSLA,170.24000549316406,170.69000244140625,146.22000122070312,147.0500030517578,462858300,-0.1403098484174704,0.4417593894150785,0.992501700893477,-0.6413152118108394,
2024-04-26,TSLA,140.55999755859375,172.1199951171875,138.8000030517578,168.2899932861328,649063900,0.1444405970321474,0.6589515911076882,1.28486123430199,-0.5895065668584477,
2024-05-03,TSLA,188.4199981689453,198.8699951171875,176.02000427246094,181.19000244140625,628370700,0.0766534533835314,0.852716336101867,1.1092999790606606,-0.5580408276168859,17.0
2024-05-10,TSLA,183.8000030517578,187.55999755859375,167.75,168.47000122070312,377983200,-0.0702025556008067,0.8453229147507902,0.7071972749954243,-0.5890674909893979,
2024-05-17,TSLA,170.0,180.0,169.0,177.4600067138672,370347300,0.0533626487091123,0.7994296312847573,0.7194615507374751,-0.5671390438679111,
2024-05-24,TSLA,177.55999755859375,186.8800048828125,173.25999450683594,179.24000549316406,402867400,0.0100304221343061,0.7242756382591669,0.8519389774801649,-0.5627972657524469,
2024-05-31,TSLA,176.39999389648438,182.6699981689453,173.16000366210938,178.0800018310547,259452200,-0.0064717899272417,0.4229837933187949,0.8508739933061642,-0.5656267500041128,
2024-06-07,TSLA,178.1300048828125,182.63999938964844,172.1300048828125,177.47999572753906,312710900,-0.0033693064765626,0.3903984555616776,0.8662262310545547,-0.5670902866085693,15.0
2024-06-14,TSLA,176.05999755859375,191.0800018310547,167.41000366210938,178.00999450683594,406948200,0.002986245165965,0.4138203613489015,1.145968486010318,-0.5657975120696549,
2024-06-21,TSLA,177.9199981689453,188.80999755859375,177.0,183.0099945068359,296598800,0.0280883105122953,0.3682755474728872,1.0113138201237557,-0.5536014977634561,
2024-06-28,TSLA,184.97000122070312,203.1999969482422,182.0099945068359,197.8800048828125,388819500,0.0812524497148219,0.3650141142775773,1.082245030029492,-0.5173305259077094,
2024-07-05,TSLA,201.02000427246097,252.3699951171875,200.8500061035156,251.52000427246097,661802000,0.2710733680313728,0.5414298714456336,1.9293264438471407,-0.3864916859195809,27.0
2024-07-12,TSLA,247.7100067138672,271.0,233.08999633789065,248.22999572753903,823613000,-0.0130805044888514,0.6288485417724213,1.5156748810901246,-0.3945166841758575,
2024-07-19,TSLA,255.97000122070312,265.6000061035156,236.8300018310547,239.1999969482422,587103100,-0.0363775487842668,0.6330633246084255,0.9568860031692232,-0.4165426830353098,
2024-07-26,TSLA,244.2100067138672,255.7599945068359,214.7100067138672,219.8000030517578,576337100,-0.0811036544481317,0.8077214943171486,0.862333191838562,-0.4638632036556481,
2024-08-02,TSLA,224.8999938964844,234.67999267578125,205.77999877929688,207.6699981689453,464001100,-0.0551865546605846,0.7513162123402154,0.7045351610649837,-0.4934507462726564,17.0
2024-08-09,TSLA,185.22000122070312,203.8800048828125,182.0,200.0,368934700,-0.0369335880799955,0.7085636061502337,0.6637246309245015,-0.5121594277520514,
2024-08-16,TSLA,199.02000427246097,219.8000030517578,194.6699981689453,216.1199951171875,389155900,0.0805999755859376,0.7660444689530025,0.8495264736723265,-0.472839489539037,
2024-08-23,TSLA,217.07000732421875,228.22000122070312,210.32000732421875,220.32000732421875,381622100,0.0194337048950694,0.6539005194398078,0.9142867754952834,-0.4625948077464045,
2024-08-30,TSLA,218.75,219.08999633789065,202.58999633789065,214.11000061035156,311918400,-0.0281863040460443,0.5473649340613324,0.8384629708185349,-0.4777422738911873,
2024-09-06,TSLA,215.2599945068359,235.0,209.63999938964844,210.72999572753903,388898000,-0.0157863008415173,0.6178112202554759,1.318552715296333,-0.4859867914723479,15.0
2024-09-13,TSLA,216.1999969482422,232.6699981689453,213.6699981689453,230.2899932861328,361293200,0.0928201867563438,0.5605573311868238,0.9317865920478798,-0.4382759894615836,
2024-09-20,TSLA,229.3000030517578,244.2400054931641,223.52999877929688,238.25,401668500,0.034565143714156,0.5757125110207985,1.061467742809928,-0.4188599183096312,
2024-09-27,TSLA,242.61000061035156,261.75,241.9199981689453,260.4599914550781,378582800,0.0932213702206847,0.5483954738961039,0.9602822701448837,-0.3646852436042944,
2024-10-04,TSLA,259.0400085449219,264.8599853515625,237.80999755859375,250.0800018310547,429389600,-0.0398525300029187,0.448698464153715,1.068526170260191,-0.3900041439948512,23.0
2024-10-11,TSLA,249.0,249.8300018310547,214.3800048828125,217.8000030517578,416422000,-0.1290786889913097,0.5567925382215445,1.0581131426667445,-0.4687416093781276,
2024-10-18,TSLA,220.1300048828125,224.2599945068359,213.7400054931641,220.6999969482422,299317200,0.0133149396503693,0.4767026119592563,0.7419112511753047,-0.4616679359682451,
2024-10-25,TSLA,218.8999938964844,269.489990234375,212.11000061035156,269.19000244140625,537640400,0.2197100415209145,0.9159121949925172,1.3682976698213605,-0.3433909758277885,
2024-11-01,TSLA,270.0,273.5400085449219,246.6300048828125,248.97999572753903,366289100,-0.0750771073612445,0.8997474909421785,0.8745290735814363,-0.3926872820299277,38.0
2024-11-08,TSLA,244.55999755859375,328.7099914550781,238.8800048828125,321.2200012207031,625405600,0.2901438136910281,0.9878131722455176,1.4346192608104056,-0.2164792539350272,
2024-11-15,TSLA,346.29998779296875,358.6400146484375,309.2200012207031,320.7200012207031,726819600,-0.0015565655877591,1.0916655837947988,1.3954325496288842,-0.217698855365647,
2024-11-22,TSLA,340.7300109863281,361.5299987792969,330.010009765625,352.55999755859375,428431200,0.0992766157916666,0.8131730910862794,0.7480953175859286,-0.1400346451964013,
2024-11-29,TSLA,360.1400146484375,361.9299926757813,326.5899963378906,345.1600036621094,253250800,-0.0209893179819827,0.8110279085715837,0.5970338553825812,-0.1580847314818626,
2024-12-06,TSLA,352.3800048828125,389.489990234375,348.20001220703125,389.2200012207031,349924000,0.1276509360618904,0.6590194699577265,0.6850486304304539,-0.0506134593707246,32.0
2024-12-13,TSLA,397.6099853515625,436.2999877929687,378.010009765625,436.2300109863281,474962800,0.120780046293069,0.4527176016085037,1.110630852635831,0.0,
2024-12-20,TSLA,441.0899963378906,488.5400085449219,417.6400146484375,421.05999755859375,645429900,-0.0347752631540285,0.6025172676003668,1.5232322462635084,-0.1225357178925635,
2024-12-27,TSLA,431.0,465.3299865722656,415.4100036621094,431.6600036621094,291283100,0.0251745740867739,0.6472135210039982,0.8165729074184511,-0.1004459283141521,
2025-01-03,TSLA,419.3999938964844,427.9299926757813,373.0400085449219,410.44000244140625,346900100,-0.0491590627824611,0.7605303397835456,0.92879670027575,-0.1446671634003754,30.0
2025-01-10,TSLA,423.2000122070313,426.4299926757813,377.2900085449219,394.739990234375,296542100,-0.0382516619083018,0.7446345715326413,0.7791094616125679,-0.177385065885053,
2025-01-17,TSLA,383.2099914550781,439.739990234375,380.0700073242187,426.5,396847600,0.0804580497323508,0.7273748091282788,0.8873874833517142,-0.1111990726054581,
2025-01-24,TSLA,432.6400146484375,433.2000122070313,405.7799987792969,406.5799865722656,255401900,-0.0467057759149692,0.6550604974218829,0.8024873424382329,-0.1527112095533644,
2025-01-31,TSLA,394.7999877929687,419.989990234375,384.4100036621094,404.6000061035156,356446300,-0.0048698424274213,0.565448141686725,0.9518901837223196,-0.15683737245336,
2025-02-07,TSLA,386.6799926757813,394.0,360.3399963378906,361.6199951171875,356244100,-0.1062283992534884,0.4804493357478142,0.9829733509022202,-0.2464051886880048,36.0
2025-02-14,TSLA,356.2099914550781,362.7000122070313,325.1000061035156,355.8399963378906,459159800,-0.0159836260642163,0.4777154066109348,1.2252692340714686,-0.2584503663559495,
2025-02-21,TSLA,355.010009765625,367.3399963378906,334.4200134277344,337.79998779296875,238750100,-0.0506969669811704,0.4858130328427587,0.8161578652468418,-0.296044683647701,
2025-02-28,TSLA,338.1400146484375,342.3999938964844,273.6000061035156,292.9800109863281,527844600,-0.1326819965254407,0.5715233994369799,1.3212402361066309,-0.3894468804860223,
2025-03-07,TSLA,300.3399963378906,303.94000244140625,250.72999572753903,262.6700134277344,537122100,-0.1034541484811677,0.578676856842653,1.2190773056257749,-0.4526111335678615,100.0
2025-03-14,TSLA,252.5399932861328,253.3699951171875,217.02000427246097,249.97999572753903,721244800,-0.0483116345661078,0.8068753342310709,1.4153393019928826,-0.4790563844484869,
2025-03-21,TSLA,245.05999755859375,249.52000427246097,222.27999877929688,248.7100067138672,567129000,-0.0050803625705156,0.8761591950627013,1.010526568331096,-0.481702966894284,
2025-03-28,TSLA,258.0799865722656,291.8500061035156,256.3299865722656,263.54998779296875,759452700,0.0596678086064086,0.961346980801353,1.2088882293970449,-0.4507773187216628,
2025-04-04,TSLA,249.30999755859375,284.989990234375,236.0,239.42999267578125,810687300,-0.0915196214546401,1.0394135970509877,1.1892486968619291,-0.5010419706065586,71.0
2025-04-11,TSLA,223.77999877929688,274.69000244140625,214.25,252.30999755859375,885161400,0.0537944504732692,1.1960029166754598,1.211452408296895,-0.4742007976061132,
2025-04-18,TSLA,258.3599853515625,261.79998779296875,233.88999938964844,241.3699951171875,375513000,-0.0433593696138246,1.1684833501589262,0.6292285643683355,-0.4969991195653639,
2025-04-25,TSLA,230.2599945068359,286.8500061035156,222.7899932861328,284.95001220703125,631033300,0.1805527529164723,1.1547754120319482,0.881297374697344,-0.4061809258834809,
2025-05-02,TSLA,288.9800109863281,294.8599853515625,270.7799987792969,287.2099914550781,603713200,0.0079311428363966,1.1157369164930535,0.8688841765783508,-0.4014712619876861,31.0
2025-05-09,TSLA,284.57000732421875,307.0400085449219,271.0,298.260009765625,472854500,0.0384736556502256,0.5907380641632856,0.8017775467226578,-0.3784436734246363,
2025-05-16,TSLA,321.989990234375,351.6199951171875,311.5,349.9800109863281,580594900,0.1734057517846428,0.600388225686967,1.029896373747306,-0.2706622313383344,
2025-05-23,TSLA,336.29998779296875,354.989990234375,331.3900146484375,339.3399963378906,504708400,-0.0304017781428471,0.4541885556580988,0.8982985356492055,-0.2928353963723854,
2025-05-30,TSLA,347.3500061035156,367.7099914550781,345.2900085449219,346.4599914550781,423113400,0.0209818918902149,0.506526958019085,1.005472266260274,-0.2779977451104842,
2025-06-06,TSLA,343.5,355.3999938964844,273.2099914550781,295.1400146484375,732357900,-0.1481267045903473,0.7487999048992708,1.3165613066805644,-0.3849455598340682,40.0
2025-06-13,TSLA,285.9599914550781,335.5,281.8500061035156,325.30999755859375,648868600,0.1022226110075037,0.7052575307063879,1.0821590795057774,-0.322073089048548,
2025-06-20,TSLA,331.2900085449219,332.3599853515625,314.739990234375,322.1600036621094,376034300,-0.009683052842288,0.708274814687866,0.7918503638310568,-0.3286374911504999,
2025-06-27,TSLA,327.5400085449219,357.5400085449219,317.5,323.6300048828125,594806000,0.0045629538241653,0.7361397736743729,0.9620828608732774,-0.3255740950233438,
2025-07-04,TSLA,319.8999938964844,325.5799865722656,293.2099914550781,315.3500061035156,399306800,-0.0255847685763719,0.7663852924433339,0.8042430044502111,-0.3428291257240818,32.0
2025-07-11,TSLA,291.3699951171875,314.0899963378906,288.7699890136719,313.510009765625,493613100,-0.0058347750191151,0.5701566817678746,0.8941538574857398,-0.346663569924597,
2025-07-18,TSLA,317.7300109863281,330.8999938964844,310.5,329.6499938964844,421062400,0.051481559210583,0.5692362306654056,0.8291939181150694,-0.3130287918152394,
2025-07-25,TSLA,334.3999938964844,338.0,300.4100036621094,316.05999755859375,550886000,-0.0412255318959845,0.5615324893718654,1.154653799310145,-0.3413495452698833,
2025-08-01,TSLA,318.45001220703125,330.489990234375,297.82000732421875,302.6300048828125,458356900,-0.0424919090663835,0.5233896248534995,0.943367454369412,-0.3693368604988078,28.0
2025-08-08,TSLA,309.0799865722656,335.1499938964844,303.0,329.6499938964844,373027800,0.0892839063467445,0.4564418428408511,0.8179988202647006,-0.3130287918152394,
2025-08-15,TSLA,335.0,348.9800109863281,327.0199890136719,330.55999755859375,403001700,0.0027605147245812,0.4352543371574341,0.8889057552057256,-0.311132397679682,
2025-08-22,TSLA,329.6199951171875,340.54998779296875,314.6000061035156,340.010009765625,360155100,0.0285878880591297,0.3759063307577429,0.8492966629811409,-0.2914391277769877,
2025-08-29,TSLA,338.8999938964844,355.3900146484375,331.70001220703125,333.8699951171875,377889500,-0.0180583349668731,0.3600492513984207,0.9809101209727082,-0.3042345573520107,
2025-09-05,TSLA,328.2300109863281,355.8699951171875,325.6000061035156,350.8399963378906,316826100,0.0508281710512701,0.3630709167497922,1.0397191032876982,-0.2688700724215361,29.0
2025-09-12,TSLA,354.6400146484375,396.69000244140625,343.82000732421875,395.94000244140625,473058400,0.1285486448930419,0.468564979240607,1.2321646256182954,-0.1748843109905767,
2025-09-19,TSLA,423.1300048828125,432.2200012207031,402.4299926757813,426.0700073242187,557828400,0.0760974003561849,0.4559503427936906,1.274900952864096,-0.1120951520638573,
2025-09-26,TSLA,431.1099853515625,444.9800109863281,419.0799865722656,440.3999938964844,472039700,0.0336329390145531,0.4904028512598075,1.0205309745345077,-0.082232302462495,
2025-10-03,TSLA,444.3500061035156,470.75,416.5799865722656,429.8299865722656,522169000,-0.0240009252286756,0.5132021782278091,1.0636205693591587,-0.1042595763483865,28.0
2025-10-10,TSLA,440.75,453.5499877929687,411.4500122070313,413.489990234375,440260900,-0.0380150218652635,0.5214153329535103,0.8612874623373405,-0.138311168139103,
2025-10-17,TSLA,423.5299987792969,441.4599914550781,417.8599853515625,439.30999755859375,390301900,0.062444092805205,0.5356923846286757,0.8417655221030265,-0.0845037907531722,
2025-10-24,TSLA,443.8699951171875,451.6799926757813,413.8999938964844,433.7200012207031,423592300,-0.0127244915184179,0.4895454944693488,0.9550114149997022,-0.0961530145028775,
2025-10-31,TSLA,439.9800109863281,467.0,438.69000244140625,456.55999755859375,409620400,0.0526606941658387,0.5099061896346,0.9341321517412212,-0.0485558048268983,
2025-11-07,TSLA,455.989990234375,474.0700073242187,421.8800048828125,429.5199890136719,471019200,-0.0592255315610553,0.5086475241797347,1.123952380402508,-0.1049055930367058,23.0
2025-11-14,TSLA,439.6000061035156,449.6700134277344,382.7799987792969,404.3500061035156,420017300,-0.0586002597177267,0.5345753439092608,0.9889003481520892,-0.1573583577566393,
2025-11-21,TSLA,398.739990234375,428.94000244140625,383.760009765625,391.0899963378906,468960000,-0.0327933957350563,0.5186024642924919,1.059102047429297,-0.1849914385935635,
2025-11-28,TSLA,402.1700134277344,432.9299926757813,401.0899963378906,430.1700134277344,268437900,0.0999258929038924,0.5327673513135691,0.7675965733769452,-0.1035509803707085,
2025-12-05,TSLA,425.3200073242187,458.8699951171875,422.1199951171875,455.0,342617200,0.0577213329548758,0.4576631515673559,0.8262201822533861,-0.0518067480316142,21.0
2025-12-12,TSLA,447.4500122070313,463.010009765625,435.25,458.9599914550781,346426900,0.0087032779232485,0.3557443547894606,0.8929058697101961,-0.0435543586347844,
2025-12-19,TSLA,469.44000244140625,495.2799987792969,465.8299865722656,481.2000122070313,527114500,0.0484574280242682,0.4140110498978813,1.345928022299167,-0.0177186098417257,
2025-12-26,TSLA,489.8800048828125,498.8299865722656,473.8200073242187,475.19000244140625,245205800,-0.0124896292875389,0.364576105170667,0.8001007290680447,-0.0299869402608509,
2026-01-02,TSLA,469.0,469.3999938964844,449.2999877929687,449.7200012207031,174579500,-0.0535996150799568,0.3948675958319196,0.7641996578423961,-0.0819792668854004,19.0
